pubchem_id,common_name,iupac_name,smile,inchi,taste,odor,flavor_profile,fema_flavor_profile,fooddb_flavor_profile,bitter,super_sweet,bitterdb_id,flavornet_id,fooddb_id,supersweetdb_id,fema_number,cas_id,functional_groups,bond_stereo_count,undefined_atom_stereocenter_count,heavy_atom_count,hba_count,hbd_count,synthetic,natural,charge,isotope_atom_count,molecular_weight,fenoroli_and_os,exact_mass,volume3d,unknown_natural,covalently_bonded_unit_count,undefined_bond_stereocenter_count,num_rotatablebonds,defined_bond_stereocenter_count,xlogp,topological_polor_surfacearea,defined_atom_stereocenter_count,atom_stereo_count,complexity,monoisotopic_mass,has_odor,one_tag,has_bitter,no_sweet,has_sweet,fruity,green,floral,woody,herbal,only_sweet,sweet_and_something_else
196,adipic acid,hexanedioic acid,C(CCC(=O)O)CC(=O)O,"InChI=1S/C6H10O4/c7-5(8)3-1-2-4-6(9)10/h1-4H2,(H,7,8)(H,9,10)",tart taste@sour tasting,odorless,['odorless'],,odorless,0,,,0,FDB008309,,2011,124-04-9@25666-61-9,carboxylic acid derivative@carboxylic acid,0,0,10,4,2,0,1,0,0,146.142,1,146.058,113.1,0,1,0,5,0,0.1,74.6,0,0,114.0,146.058,0,1,0,1,0,0,0,0,0,0,0,0
262,"2,3-butanediol","butane-2,3-diol",CC(C(C)O)O,"InChI=1S/C4H10O2/c1-3(5)4(2)6/h3-6H,1-2H3",sweet taste,odorless,"['onion', 'fruit', 'creamy', 'fruity', 'buttery']",,onion@fruit@creamy@fruity@buttery,0,,,1,FDB011934,,,513-85-9,"hydroxy compound@alcohol@secondary alcohol@1,2-diol",0,2,6,2,2,0,1,0,0,90.122,1,90.068,74.6,0,1,0,1,0,-0.9,40.5,0,2,30.5,90.068,0,0,0,1,0,1,0,0,0,0,0,0
294,cellobiose,"2-(hydroxymethyl)-6-[4,5,6-trihydroxy-2-(hydroxymethyl)oxan-3-yl]oxyoxane-3,4,5-triol",C(C1C(C(C(C(O1)OC2C(OC(C(C2O)O)O)CO)O)O)O)O,"InChI=1S/C12H22O11/c13-1-3-5(15)6(16)9(19)12(22-3)23-10-4(2-14)21-11(20)8(18)7(10)17/h3-20H,1-2H2",sweet,odorless,['sweet'],,,0,Sweet,,0,,112.0,,63-42-3@69-79-4@528-50-7,"hemiacetal@acetal@hydroxy compound@alcohol@primary alcohol@secondary alcohol@1,2-diol@heterocyclic compound",0,10,23,11,8,0,1,0,0,342.297,0,342.116,,1,1,0,4,0,-4.7,190.0,0,10,382.0,342.116,0,1,0,0,1,0,0,0,0,0,1,0
311,citric acid,"2-hydroxypropane-1,2,3-tricarboxylic acid",C(C(=O)O)C(CC(=O)O)(C(=O)O)O,"InChI=1S/C6H8O7/c7-3(8)1-6(13,5(11)12)2-4(9)10/h13H,1-2H2,(H,7,8)(H,9,10)(H,11,12)","strongly acidic taste@pleasant, sweet, tart taste",odorless,['odorless'],,odorless,0,,,0,FDB012586,,2306,"3458-72-8@77-92-9, 5949-29-1@6018-92-4@77-92-9",hydroxy compound@alcohol@tertiary alcohol@carboxylic acid derivative@carboxylic acid@alpha-hydroxyacid,0,0,13,7,4,0,1,0,0,192.123,1,192.027,132.7,0,1,0,5,0,-1.7,132.0,0,0,227.0,192.027,0,1,0,1,0,0,0,0,0,0,0,0
453,Hexitol,"hexane-1,2,3,4,5,6-hexol",C(C(C(C(C(CO)O)O)O)O)O,"InChI=1S/C6H14O6/c7-1-3(9)5(11)6(12)4(10)2-8/h3-12H,1-2H2","sweet taste, approx 60% as sweet as sugar (wt/wt)",odorless,['sweet'],,,0,Sweet,,0,,9971.0,,,"hydroxy compound@alcohol@primary alcohol@secondary alcohol@1,2-diol",0,4,12,6,6,0,0,0,0,182.172,0,182.079,131.1,0,1,0,5,0,-3.1,121.0,0,4,105.0,182.079,0,1,0,0,1,0,0,0,0,0,1,0
602,Dl-Alanine,2-aminopropanoic acid,CC(C(=O)O)N,"InChI=1S/C3H7NO2/c1-2(4)3(5)6/h2H,4H2,1H3,(H,5,6)",sweet taste,odorless,['odorless'],,odorless,0,,,0,FDB000557,,3818,302-72-7,amine@primary amine@primary aliphatic amine (alkylamine)@carboxylic acid derivative@carboxylic acid@alpha-aminoacid,0,1,6,3,2,0,1,0,0,89.094,1,89.048,68.8,0,1,0,1,0,-3.0,63.3,0,1,61.8,89.048,0,1,0,1,0,0,0,0,0,0,0,0
750,glycine,2-aminoacetic acid,C(C(=O)O)N,"InChI=1S/C2H5NO2/c3-1-2(4)5/h1,3H2,(H,4,5)",sweet,odorless,"['oily', 'odorless', 'sweet', 'fatty', 'waxy']",,fatty@odorless@waxy@oily,0,Sweet,,0,FDB000484,20013.0,3287,56-40-6@18875-39-3@25718-94-9,amine@primary amine@primary aliphatic amine (alkylamine)@carboxylic acid derivative@carboxylic acid@alpha-aminoacid,0,0,5,3,2,0,1,0,0,75.067,1,75.032,56.2,1,1,0,1,0,-3.2,63.3,0,0,42.9,75.032,0,0,0,0,1,0,0,0,0,0,0,1
785,hydroquinone,"benzene-1,4-diol",C1=CC(=CC=C1O)O,"InChI=1S/C6H6O2/c7-5-1-2-6(8)4-3-5/h1-4,7-8H",a slightly bitter taste in aqueous solutions,odorless,[],,,0,,,0,,,,123-31-9,hydroxy compound@phenol or hydroxyhetarene@aromatic compound,0,0,8,2,2,0,1,0,0,110.112,1,110.037,86.6,0,1,0,0,0,0.6,40.5,0,0,54.9,110.037,0,0,0,1,0,0,0,0,0,0,0,0
936,nicotinamide,pyridine-3-carboxamide,C1=CC(=CN=C1)C(=O)N,"InChI=1S/C6H6N2O/c7-6(9)5-2-1-3-8-4-5/h1-4H,(H2,7,9)",bitter taste,odorless,['odorless'],,odorless,0,,,0,FDB012485,,,98-92-0@11032-50-1,carboxylic acid derivative@carboxylic acid amide@primary carboxylic acid amide@aromatic compound@heterocyclic compound,0,0,9,2,1,0,0,0,0,122.127,0,122.048,95.2,0,1,0,1,0,-0.4,56.0,0,0,114.0,122.048,0,1,0,1,0,0,0,0,0,0,0,0
962,water,oxidane,O,InChI=1S/H2O/h1H2,tasteless,odorless,['odorless'],,odorless,0,,,0,FDB013390,,,7732-18-5,,0,0,1,1,1,0,0,0,0,18.015,0,18.011,14.7,0,1,0,0,0,-0.5,1.0,0,0,0.0,18.011,0,1,0,1,0,0,0,0,0,0,0,0
1004,Phosphoric acid,phosphoric acid,OP(=O)(O)O,"InChI=1S/H3O4P/c1-5(2,3)4/h(H3,1,2,3,4)",acid taste,odorless,['bland'],,bland,0,,,0,FDB013380,,2900,9044-08-0@8017-16-1@68891-72-5@7664-38-2,phosphoric acid derivative@phosphoric acid,0,0,5,4,3,0,1,0,0,97.994,1,97.977,58.8,1,1,0,0,0,-2.1,77.8,0,0,49.8,97.977,0,1,0,1,0,0,0,0,0,0,0,0
1110,succinic acid,butanedioic acid,C(CC(=O)O)C(=O)O,"InChI=1S/C4H6O4/c5-3(6)1-2-4(7)8/h1-2H2,(H,5,6)(H,7,8)",very acid taste@tart taste@pure aq soln are slightly bitter & taste build up is slow,odorless,"['sour', 'odorless']",Alters several flavor and/or taste characteristics,sour@odorless,0,,,0,FDB001931,,4719,110-15-6,carboxylic acid derivative@carboxylic acid,0,0,8,4,2,0,1,0,0,118.088,0,118.027,86.9,0,1,0,3,0,-0.6,74.6,0,0,92.6,118.027,0,0,0,1,0,0,0,0,0,0,0,0
1983,acetaminophen,N-(4-hydroxyphenyl)acetamide,CC(=O)NC1=CC=C(C=C1)O,"InChI=1S/C8H9NO2/c1-6(10)9-7-2-4-8(11)5-3-7/h2-5,11H,1H3,(H,9,10)",slightly bitter taste,odorless,['bitter'],,bitter,1,,121.0,0,FDB022713,,,103-90-2,hydroxy compound@phenol or hydroxyhetarene@carboxylic acid derivative@carboxylic acid amide@secondary carboxylic acid amide@aromatic compound,0,0,11,2,2,1,0,0,0,151.165,0,151.063,120.2,0,1,0,1,0,0.5,49.3,0,0,139.0,151.063,0,1,1,1,0,0,0,0,0,0,0,0
2153,theophylline,"1,3-dimethyl-7H-purine-2,6-dione",CN1C2=C(C(=O)N(C1=O)C)NC=N2,"InChI=1S/C7H8N4O2/c1-10-5-4(8-3-9-5)6(12)11(2)7(10)13/h3H,1-2H3,(H,8,9)",bitter,odorless,['bitter'],,bitter,1,,514.0,0,FDB000453,,,58-55-9,oxo(het)arene@aromatic compound@heterocyclic compound,0,0,13,3,1,0,0,0,0,180.167,0,180.065,130.4,0,1,0,0,0,0.0,69.3,0,0,267.0,180.065,0,1,1,1,0,0,0,0,0,0,0,0
2164,amobarbital,"5-ethyl-5-(3-methylbutyl)-1,3-diazinane-2,4,6-trione",CCC1(C(=O)NC(=O)NC1=O)CCC(C)C,"InChI=1S/C11H18N2O3/c1-4-11(6-5-7(2)3)8(14)12-10(16)13-9(11)15/h7H,4-6H2,1-3H3,(H2,12,13,14,15,16)",slightly bitter@bitter,odorless,['bitter'],,,1,,229.0,0,,,,57-43-2,"carboxylic acid derivative@carboxylic acid imide@carboxylic acid imide, N-unsubstituted@urea@heterocyclic compound",0,0,16,3,2,0,0,0,0,226.276,0,226.132,174.4,0,1,0,4,0,2.1,75.3,0,0,303.0,226.132,0,1,1,1,0,0,0,0,0,0,0,0
2242,25548-16-7,3-amino-4-[(1-methoxy-1-oxo-3-phenylpropan-2-yl)amino]-4-oxobutanoic acid,COC(=O)C(CC1=CC=CC=C1)NC(=O)C(CC(=O)O)N,"InChI=1S/C14H18N2O5/c1-21-14(20)11(7-9-5-3-2-4-6-9)16-13(19)10(15)8-12(17)18/h2-6,10-11H,7-8,15H2,1H3,(H,16,19)(H,17,18)","sweet@in the presence of moisture it hydrolyzes to form aspartylphenylalanine and a diketopiperazine derivative, with a resulting loss of sweetness.",odorless,['sweet'],,,0,Sweet,,0,,5.0,,7421-84-3@25548-16-7,amine@primary amine@primary aliphatic amine (alkylamine)@carboxylic acid derivative@carboxylic acid@carboxylic acid ester@carboxylic acid amide@secondary carboxylic acid amide@aromatic compound,0,2,21,6,3,1,0,0,0,294.307,0,294.122,225.8,0,1,0,8,0,-2.7,119.0,0,2,380.0,294.122,0,1,0,0,1,0,0,0,0,0,1,0
2519,caffeine,"1,3,7-trimethylpurine-2,6-dione",CN1C=NC2=C1C(=O)N(C(=O)N2C)C,"InChI=1S/C8H10N4O2/c1-10-4-9-6-5(10)7(13)12(3)8(14)11(6)2/h4H,1-3H3",bitter taste,odorless,"['odorless', 'bitter']",,odorless@bitter,1,,46.0,0,FDB002100,,2224,58-08-2@95789-13-2,oxo(het)arene@aromatic compound@heterocyclic compound,0,0,14,3,0,0,1,0,0,194.194,1,194.08,143.9,0,1,0,0,0,-0.1,58.4,0,0,293.0,194.08,0,0,1,1,0,0,0,0,0,0,0,0
2719,chloroquine,"4-N-(7-chloroquinolin-4-yl)-1-N,1-N-diethylpentane-1,4-diamine",CCN(CC)CCCC(C)NC1=C2C=CC(=CC2=NC=C1)Cl,"InChI=1S/C18H26ClN3/c1-4-22(5-2)12-6-7-14(3)21-17-10-11-20-18-13-15(19)8-9-16(17)18/h8-11,13-14H,4-7,12H2,1-3H3,(H,20,21)",bitter taste,odorless,['bitter'],,,1,,87.0,0,,,,58175-86-3@54-05-7,amine@secondary amine@secondary aliphatic/aromatic amine (alkylarylamine)@tertiary amine@tertiary aliphatic amine (trialkylamine)@halogen derivative@aryl chloride@aromatic compound@heterocyclic compound,0,1,22,3,1,1,0,0,0,319.877,0,319.182,255.7,0,1,0,8,0,4.6,28.2,0,1,309.0,319.182,0,1,1,1,0,0,0,0,0,0,0,0
2955,dapsone,4-(4-aminophenyl)sulfonylaniline,C1=CC(=CC=C1N)S(=O)(=O)C2=CC=C(C=C2)N,"InChI=1S/C12H12N2O2S/c13-9-1-5-11(6-2-9)17(15,16)12-7-3-10(14)4-8-12/h1-8H,13-14H2",slightly bitter taste,odorless,['bitter'],,,1,,93.0,0,,,,80-08-0,amine@primary amine@primary aromatic amine@sulfone@aromatic compound,0,0,17,4,2,1,0,0,0,248.3,0,248.062,186.3,0,1,0,2,0,1.0,94.6,0,0,306.0,248.062,0,1,1,1,0,0,0,0,0,0,0,0
3055,Difenidol,"1,1-diphenyl-4-piperidin-1-ylbutan-1-ol",C1CCN(CC1)CCCC(C2=CC=CC=C2)(C3=CC=CC=C3)O,"InChI=1S/C21H27NO/c23-21(19-11-4-1-5-12-19,20-13-6-2-7-14-20)15-10-18-22-16-8-3-9-17-22/h1-2,4-7,11-14,23H,3,8-10,15-18H2",slightly bitter taste,odorless,['bitter'],,,1,,62.0,0,,,,972-02-1,hydroxy compound@alcohol@tertiary alcohol@amine@tertiary amine@tertiary aliphatic amine (trialkylamine)@aromatic compound@heterocyclic compound,0,0,23,2,1,1,0,0,0,309.453,0,309.209,258.2,0,1,0,6,0,4.2,23.5,0,0,307.0,309.209,0,1,1,1,0,0,0,0,0,0,0,0
4114,methoxsalen,"9-methoxyfuro[3,2-g]chromen-7-one",COC1=C2C(=CC3=C1OC=C3)C=CC(=O)O2,"InChI=1S/C12H8O4/c1-14-12-10-8(4-5-15-10)6-7-2-3-9(13)16-11(7)12/h2-6H,1H3",bitter taste,odorless,['bitter'],,bitter,1,,315.0,0,FDB012474,,,298-81-7,ether@alkyl aryl ether@oxo(het)arene@aromatic compound@heterocyclic compound,0,0,16,4,0,0,1,0,0,216.192,0,216.042,163.1,0,1,0,1,0,1.9,48.7,0,0,325.0,216.042,0,1,1,1,0,0,0,0,0,0,0,0
4754,phenacetin,N-(4-ethoxyphenyl)acetamide,CCOC1=CC=C(C=C1)NC(=O)C,"InChI=1S/C10H13NO2/c1-3-13-10-6-4-9(5-7-10)11-8(2)12/h4-7H,3H2,1-2H3,(H,11,12)",slightly bitter,odorless,['bitter'],,,1,,378.0,0,,,,62-44-2,ether@alkyl aryl ether@carboxylic acid derivative@carboxylic acid amide@secondary carboxylic acid amide@aromatic compound,0,0,13,2,1,0,0,0,0,179.219,0,179.095,145.6,0,1,0,3,0,1.6,38.3,0,0,162.0,179.095,0,1,1,1,0,0,0,0,0,0,0,0
4873,potassium chloride,potassium;chloride,[Cl-].[K+],InChI=1S/ClH.K/h1H;/q;+1/p-1,strong saline taste,odorless,['bitter'],,,1,,804.0,0,,,,14336-88-0@7447-40-7,,0,0,2,1,0,0,0,0,0,74.548,0,73.933,,0,2,0,0,0,,0.0,0,0,2.0,73.933,0,1,1,1,0,0,0,0,0,0,0,0
5344,sulfisoxazole,"4-amino-N-(3,4-dimethyl-1,2-oxazol-5-yl)benzenesulfonamide",CC1=C(ON=C1C)NS(=O)(=O)C2=CC=C(C=C2)N,"InChI=1S/C11H13N3O3S/c1-7-8(2)13-17-11(7)14-18(15,16)10-5-3-9(12)4-6-10/h3-6,14H,12H2,1-2H3",bitter,odorless,['bitter'],,,1,,494.0,0,,,,127-69-5,amine@primary amine@primary aromatic amine@sulfonic acid derivative@sulfonamide@aromatic compound@heterocyclic compound,0,0,18,6,2,0,0,0,0,267.303,0,267.068,196.1,0,1,0,3,0,1.0,107.0,0,0,374.0,267.068,0,1,1,1,0,0,0,0,0,0,0,0
5578,trimethoprim,"5-[(3,4,5-trimethoxyphenyl)methyl]pyrimidine-2,4-diamine",COC1=CC(=CC(=C1OC)OC)CC2=CN=C(N=C2N)N,"InChI=1S/C14H18N4O3/c1-19-10-5-8(6-11(20-2)12(10)21-3)4-9-7-17-14(16)18-13(9)15/h5-7H,4H2,1-3H3,(H4,15,16,17,18)",bitter,odorless,['bitter'],,,1,,544.0,0,,,,738-70-5,ether@alkyl aryl ether@amine@primary amine@primary aromatic amine@aromatic compound@heterocyclic compound,0,0,21,7,2,0,0,0,0,290.323,0,290.138,219.9,0,1,0,5,0,0.9,106.0,0,0,307.0,290.138,0,1,1,1,0,0,0,0,0,0,0,0
5754,hydrocortisone,"(8S,9S,10R,11S,13S,14S,17R)-11,17-dihydroxy-17-(2-hydroxyacetyl)-10,13-dimethyl-2,6,7,8,9,11,12,14,15,16-decahydro-1H-cyclopenta[a]phenanthren-3-one",CC12CCC(=O)C=C1CCC3C2C(CC4(C3CCC4(C(=O)CO)O)C)O,"InChI=1S/C21H30O5/c1-19-7-5-13(23)9-12(19)3-4-14-15-6-8-21(26,17(25)11-22)20(15,2)10-16(24)18(14)19/h9,14-16,18,22,24,26H,3-8,10-11H2,1-2H3/t14-,15-,16-,18+,19-,20-,21-/m0/s1",bitter taste,odorless,['bitter'],,,1,,129.0,0,,,,50-23-7,carbonyl compound@ketone@hydroxy compound@alcohol@primary alcohol@secondary alcohol@tertiary alcohol@alkene,0,0,26,5,3,1,0,0,0,362.466,0,362.209,274.5,0,1,0,2,0,1.6,94.8,7,7,684.0,362.209,0,1,1,1,0,0,0,0,0,0,0,0
5755,prednisolone,"(8S,9S,10R,11S,13S,14S,17R)-11,17-dihydroxy-17-(2-hydroxyacetyl)-10,13-dimethyl-7,8,9,11,12,14,15,16-octahydro-6H-cyclopenta[a]phenanthren-3-one",CC12CC(C3C(C1CCC2(C(=O)CO)O)CCC4=CC(=O)C=CC34C)O,"InChI=1S/C21H28O5/c1-19-7-5-13(23)9-12(19)3-4-14-15-6-8-21(26,17(25)11-22)20(15,2)10-16(24)18(14)19/h5,7,9,14-16,18,22,24,26H,3-4,6,8,10-11H2,1-2H3/t14-,15-,16-,18+,19-,20-,21-/m0/s1",,odorless,['bitter'],,,1,,807.0,0,,,,50-24-8,carbonyl compound@ketone@hydroxy compound@alcohol@primary alcohol@secondary alcohol@tertiary alcohol@alkene,0,0,26,5,3,0,0,0,0,360.45,0,360.194,273.1,0,1,0,2,0,1.6,94.8,7,7,724.0,360.194,0,1,1,1,0,0,0,0,0,0,0,0
5780,D-Sorbitol,"(2R,3R,4R,5S)-hexane-1,2,3,4,5,6-hexol",C(C(C(C(C(CO)O)O)O)O)O,"InChI=1S/C6H14O6/c7-1-3(9)5(11)6(12)4(10)2-8/h3-12H,1-2H2/t3-,4+,5-,6-/m1/s1","sweet taste, approx 60% as sweet as sugar (wt/wt)",odorless,"['sweet', 'caramel', 'odorless']",,caramel@sweet@odorless,0,Sweet,,0,FDB011676,143.0,3029,98201-93-5@50-70-4,"hydroxy compound@alcohol@primary alcohol@secondary alcohol@1,2-diol",0,0,12,6,6,0,1,0,0,182.172,1,182.079,131.0,0,1,0,5,0,-3.1,121.0,4,4,105.0,182.079,0,0,0,0,1,0,0,0,0,0,0,1
5865,prednisone,"(8S,9S,10R,13S,14S,17R)-17-hydroxy-17-(2-hydroxyacetyl)-10,13-dimethyl-6,7,8,9,12,14,15,16-octahydrocyclopenta[a]phenanthrene-3,11-dione",CC12CC(=O)C3C(C1CCC2(C(=O)CO)O)CCC4=CC(=O)C=CC34C,"InChI=1S/C21H26O5/c1-19-7-5-13(23)9-12(19)3-4-14-15-6-8-21(26,17(25)11-22)20(15,2)10-16(24)18(14)19/h5,7,9,14-15,18,22,26H,3-4,6,8,10-11H2,1-2H3/t14-,15-,18+,19-,20-,21-/m0/s1",persistent bitter after-taste,odorless,['bitter'],,,1,,682.0,0,,,,53-03-2,carbonyl compound@ketone@hydroxy compound@alcohol@primary alcohol@tertiary alcohol@alkene,0,0,26,5,2,0,0,0,0,358.434,0,358.178,272.4,0,1,0,2,0,1.5,91.7,6,6,764.0,358.178,0,1,1,1,0,0,0,0,0,0,0,0
5950,L-alanine,(2S)-2-aminopropanoic acid,CC(C(=O)O)N,"InChI=1S/C3H7NO2/c1-2(4)3(5)6/h2H,4H2,1H3,(H,5,6)/t2-/m0/s1",sweet taste,odorless,['odorless'],,odorless,0,,,0,FDB000556,,,77160-91-9@68476-85-7@130380-93-7@26336-61-8@56-41-7@18875-37-1@25191-17-7@338-69-2,amine@primary amine@primary aliphatic amine (alkylamine)@carboxylic acid derivative@carboxylic acid@alpha-aminoacid,0,0,6,3,2,0,0,0,0,89.094,0,89.048,68.8,0,1,0,1,0,-3.0,63.3,1,1,61.8,89.048,0,1,0,1,0,0,0,0,0,0,0,0
5987,Sulfamic Acid,sulfamic acid,NS(=O)(=O)O,"InChI=1S/H3NO3S/c1-5(2,3)4/h(H3,1,2,3,4)",,odorless,"['fatty', 'bland']",,fatty@bland,0,,,0,FDB013393,,,"5329-14-6@2430-22-0, 5329-14-6",sulfuric acid derivative@sulfuric acid amide,0,0,5,4,2,0,0,0,0,97.088,0,96.983,58.6,0,1,0,0,0,-1.6,88.8,0,0,92.6,96.983,0,0,0,1,0,0,0,0,0,0,0,0
6047,levodopa,"(2S)-2-amino-3-(3,4-dihydroxyphenyl)propanoic acid",C1=CC(=C(C=C1CC(C(=O)O)N)O)O,"InChI=1S/C9H11NO4/c10-6(9(13)14)3-5-1-2-7(11)8(12)4-5/h1-2,4,6,11-12H,3,10H2,(H,13,14)/t6-/m0/s1",tasteless,odorless,['odorless'],,odorless,0,,,0,FDB000567,,,587-45-1@59-92-7,"hydroxy compound@phenol or hydroxyhetarene@1,2-diphenol@amine@primary amine@primary aliphatic amine (alkylamine)@carboxylic acid derivative@carboxylic acid@aromatic compound@alpha-aminoacid",0,0,14,5,4,0,0,0,0,197.19,0,197.069,147.5,0,1,0,3,0,-2.7,104.0,1,1,209.0,197.069,0,1,0,1,0,0,0,0,0,0,0,0
6134,beta-D-Lactose,"(2R,3R,4S,5R,6S)-2-(hydroxymethyl)-6-[(2R,3S,4R,5R,6R)-4,5,6-trihydroxy-2-(hydroxymethyl)oxan-3-yl]oxyoxane-3,4,5-triol",C(C1C(C(C(C(O1)OC2C(OC(C(C2O)O)O)CO)O)O)O)O,"InChI=1S/C12H22O11/c13-1-3-5(15)6(16)9(19)12(22-3)23-10-4(2-14)21-11(20)8(18)7(10)17/h3-20H,1-2H2/t3-,4-,5+,6+,7-,8-,9-,10-,11-,12+/m1/s1",sweet,odorless,['sweet'],,,0,Sweet,,0,,148.0,,5965-66-2@63-42-3,"hemiacetal@acetal@hydroxy compound@alcohol@primary alcohol@secondary alcohol@1,2-diol@heterocyclic compound",0,0,23,11,8,0,1,0,0,342.297,0,342.116,230.2,1,1,0,4,0,-4.7,190.0,10,10,382.0,342.116,0,1,0,0,1,0,0,0,0,0,1,0
6251,D-mannitol,"(2R,3R,4R,5R)-hexane-1,2,3,4,5,6-hexol",C(C(C(C(C(CO)O)O)O)O)O,"InChI=1S/C6H14O6/c7-1-3(9)5(11)6(12)4(10)2-8/h3-12H,1-2H2/t3-,4-,5-,6-/m1/s1",sweetish taste,odorless,"['odorless', 'sweet']",,odorless,0,Sweet,,0,FDB001982,149.0,,69-65-8@87-78-5,"hydroxy compound@alcohol@primary alcohol@secondary alcohol@1,2-diol",0,0,12,6,6,0,1,0,0,182.172,0,182.079,131.3,0,1,0,5,0,-3.1,121.0,4,4,105.0,182.079,0,0,0,0,1,0,0,0,0,0,0,1
6282,Bromthalein,"disodium;2-hydroxy-5-[4,5,6,7-tetrabromo-1-(4-hydroxy-3-sulfonatophenyl)-3-oxo-2-benzofuran-1-yl]benzenesulfonate",C1=CC(=C(C=C1C2(C3=C(C(=C(C(=C3Br)Br)Br)Br)C(=O)O2)C4=CC(=C(C=C4)O)S(=O)(=O)[O-])S(=O)(=O)[O-])O.[Na+].[Na+],"InChI=1S/C20H10Br4O10S2.2Na/c21-15-13-14(16(22)18(24)17(15)23)20(34-19(13)27,7-1-3-9(25)11(5-7)35(28,29)30)8-2-4-10(26)12(6-8)36(31,32)33;;/h1-6,25-26H,(H,28,29,30)(H,31,32,33);;/q;2*+1/p-2",bitter,odorless,['bitter'],,,1,,496.0,0,,,,71-67-0,cation@anion@hydroxy compound@phenol or hydroxyhetarene@halogen derivative@aryl bromide@carboxylic acid derivative@carboxylic acid ester@lactone@sulfonic acid derivative@sulfonic acid@aromatic compound@heterocyclic compound,0,0,38,10,2,0,0,0,0,837.99,0,837.605,,0,3,0,2,0,,198.0,0,0,994.0,833.609,0,1,1,1,0,0,0,0,0,0,0,0
6305,L-tryptophan,(2S)-2-amino-3-(1H-indol-3-yl)propanoic acid,C1=CC=C2C(=C1)C(=CN2)CC(C(=O)O)N,"InChI=1S/C11H12N2O2/c12-9(11(14)15)5-7-6-13-10-4-2-1-3-8(7)10/h1-4,6,9,13H,5,12H2,(H,14,15)/t9-/m0/s1",flat taste@slightly bitter,odorless,['bitter'],,,1,,827.0,0,,,,153-94-6@73-22-3,amine@primary amine@primary aliphatic amine (alkylamine)@carboxylic acid derivative@carboxylic acid@aromatic compound@heterocyclic compound@alpha-aminoacid,0,0,15,3,3,0,1,0,0,204.229,0,204.09,158.4,0,1,0,3,0,-1.1,79.1,1,1,245.0,204.09,0,1,1,1,0,0,0,0,0,0,0,0
6849,1-Nitronaphthalene,1-nitronaphthalene,C1=CC=C2C(=C1)C=CC=C2[N+](=O)[O-],InChI=1S/C10H7NO2/c12-11(13)10-7-3-5-8-4-1-2-6-9(8)10/h1-7H,,odorless,['bitter'],,,1,,683.0,0,,,,86-57-7@27254-36-0,nitro compound@aromatic compound,0,0,13,2,0,0,0,0,0,173.171,0,173.048,135.2,0,1,0,0,0,3.2,45.8,0,0,200.0,173.048,0,1,1,1,0,0,0,0,0,0,0,0
6954,Picric Acid,"2,4,6-trinitrophenol",C1=C(C=C(C(=C1[N+](=O)[O-])O)[N+](=O)[O-])[N+](=O)[O-],"InChI=1S/C6H3N3O7/c10-6-4(8(13)14)1-3(7(11)12)2-5(6)9(15)16/h1-2,10H",intensely bitter,odorless,['bitter'],,,1,,404.0,0,,,,88-89-1,hydroxy compound@phenol or hydroxyhetarene@nitro compound@aromatic compound,0,0,16,7,1,0,0,0,0,229.104,0,228.997,151.7,0,1,0,0,0,0.9,158.0,0,0,292.0,228.997,0,1,1,1,0,0,0,0,0,0,0,0
7184,Butyl 4-hydroxybenzoate,butyl 4-hydroxybenzoate,CCCCOC(=O)C1=CC=C(C=C1)O,"InChI=1S/C11H14O3/c1-2-3-8-14-11(13)9-4-6-10(12)7-5-9/h4-7,12H,2-3,8H2,1H3",,odorless,"['very faint', 'phenolic']",,very faint@phenolic,0,,,0,FDB010512,,2203,94-26-8,hydroxy compound@phenol or hydroxyhetarene@carboxylic acid derivative@carboxylic acid ester@aromatic compound,0,0,14,3,1,0,0,0,0,194.23,1,194.094,158.1,0,1,0,5,0,3.6,46.5,0,0,171.0,194.094,0,0,0,1,0,0,0,0,0,0,0,0
7533,Cyclamic acid,cyclohexylsulfamic acid,C1CCC(CC1)NS(=O)(=O)O,"InChI=1S/C6H13NO3S/c8-11(9,10)7-6-4-2-1-3-5-6/h6-7H,1-5H2,(H,8,9,10)",sweet-sour@a bitter taste becomes noticeable when quantity in foods approaches 0.5%.,odorless,['sweet'],,,0,Sweet,,0,,35.0,,100-88-9,sulfuric acid derivative@sulfuric acid amide,0,0,11,4,2,1,0,0,0,179.234,0,179.062,129.2,0,1,0,2,0,0.6,74.8,0,0,200.0,179.062,0,1,0,0,1,0,0,0,0,0,1,0
7986,Dibutyl Sebacate,dibutyl decanedioate,CCCCOC(=O)CCCCCCCCC(=O)OCCCC,"InChI=1S/C18H34O4/c1-3-5-15-21-17(19)13-11-9-7-8-10-12-14-18(20)22-16-6-4-2/h3-16H2,1-2H3",,odorless,"['oily', 'fruity', 'faint']",Fruit,oily@fruity@faint,0,,,0,FDB021119,,2373,"109-43-3@109-43-3, 7474-78-4",carboxylic acid derivative@carboxylic acid ester,0,0,22,4,0,0,0,0,0,314.466,1,314.246,,0,1,0,17,0,5.3,52.6,0,0,248.0,314.246,0,0,0,1,0,1,0,0,0,0,0,0
8222,Eicosane,icosane,CCCCCCCCCCCCCCCCCCCC,"InChI=1S/C20H42/c1-3-5-7-9-11-13-15-17-19-20-18-16-14-12-10-8-6-4-2/h3-20H2,1-2H3",,odorless,"['alkane', 'waxy']",,alkane@waxy,0,,,1,FDB004727,,,112-95-8,,0,0,20,0,0,0,1,0,0,282.556,1,282.329,,0,1,0,17,0,10.4,0.0,0,0,132.0,282.329,0,0,0,1,0,0,0,0,0,0,0,0
8434,Ethylparaben,ethyl 4-hydroxybenzoate,CCOC(=O)C1=CC=C(C=C1)O,"InChI=1S/C9H10O3/c1-2-12-9(11)7-3-5-8(10)6-4-7/h3-6,10H,2H2,1H3",,odorless,"['phenolic', 'mild']",,phenolic@mild,0,,,0,FDB010510,,,120-47-8@9001-05-2,hydroxy compound@phenol or hydroxyhetarene@carboxylic acid derivative@carboxylic acid ester@aromatic compound,0,0,12,3,1,0,1,0,0,166.176,0,166.063,132.6,1,1,0,3,0,2.5,46.5,0,0,148.0,166.063,0,0,0,1,0,0,0,0,0,0,0,0
8549,Quinine,"(R)-[(2S,5R)-5-ethenyl-1-azabicyclo[2.2.2]octan-2-yl]-(6-methoxyquinolin-4-yl)methanol",COC1=CC2=C(C=CN=C2C=C1)C(C3CC4CCN3CC4C=C)O,"InChI=1S/C20H24N2O2/c1-3-13-12-22-9-7-14(13)10-19(22)20(23)16-6-8-21-18-5-4-15(24-2)11-17(16)18/h3-6,8,11,13-14,19-20,23H,1,7,9-10,12H2,2H3/t13-,14?,19-,20+/m0/s1",very bitter taste,odorless,['bitter'],,,1,,38.0,0,,,2975@2976@2977,130-95-0@130-89-2@56-54-2@1407-83-6@6119-70-6@804-63-7,hydroxy compound@alcohol@secondary alcohol@ether@alkyl aryl ether@amine@tertiary amine@tertiary aliphatic amine (trialkylamine)@alkene@aromatic compound@heterocyclic compound,0,1,24,4,1,0,1,0,0,324.424,0,324.184,252.1,0,1,0,4,0,2.9,45.6,3,4,457.0,324.184,0,1,1,1,0,0,0,0,0,0,0,0
8593,Cinchophen,2-phenylquinoline-4-carboxylic acid,C1=CC=C(C=C1)C2=NC3=CC=CC=C3C(=C2)C(=O)O,"InChI=1S/C16H11NO2/c18-16(19)13-10-15(11-6-2-1-3-7-11)17-14-9-5-4-8-12(13)14/h1-10H,(H,18,19)",slightly bitter taste,odorless,['bitter'],,,1,,643.0,0,,,,132-60-5,carboxylic acid derivative@carboxylic acid@aromatic compound@heterocyclic compound,0,0,19,3,1,0,0,0,0,249.269,0,249.079,197.9,0,1,0,2,0,3.4,50.2,0,0,325.0,249.079,0,1,1,1,0,0,0,0,0,0,0,0
8831,Diisobutyl Adipate,bis(2-methylpropyl) hexanedioate,CC(C)COC(=O)CCCCC(=O)OCC(C)C,"InChI=1S/C14H26O4/c1-11(2)9-17-13(15)7-5-6-8-14(16)18-10-12(3)4/h11-12H,5-10H2,1-4H3",,odorless,"['estery', 'mild']",,estery@mild,0,,,0,FDB021779,,4475,68954-45-0@141-04-8,carboxylic acid derivative@carboxylic acid ester,0,0,18,4,0,0,0,0,0,258.358,0,258.183,216.0,0,1,0,11,0,3.2,52.6,0,0,220.0,258.183,0,0,0,1,0,0,0,0,0,0,0,0
8988,D-proline,(2R)-pyrrolidine-2-carboxylic acid,C1CC(NC1)C(=O)O,"InChI=1S/C5H9NO2/c7-5(8)4-2-1-3-6-4/h4,6H,1-3H2,(H,7,8)/t4-/m1/s1",sweet,odorless,['sweet'],,,0,Sweet,,0,,20027.0,,344-25-2,amine@secondary amine@secondary aliphatic amine (dialkylamine)@carboxylic acid derivative@carboxylic acid@heterocyclic compound@alpha-aminoacid,0,0,8,3,2,0,1,0,0,115.132,0,115.063,89.2,1,1,0,1,0,-2.5,49.3,1,1,103.0,115.063,0,1,0,0,1,0,0,0,0,0,1,0
9290,Calcium Gluconate,"calcium;(2R,3S,4R,5R)-2,3,4,5,6-pentahydroxyhexanoate",C(C(C(C(C(C(=O)[O-])O)O)O)O)O.C(C(C(C(C(C(=O)[O-])O)O)O)O)O.[Ca+2],"InChI=1S/2C6H12O7.Ca/c2*7-1-2(8)3(9)4(10)5(11)6(12)13;/h2*2-5,7-11H,1H2,(H,12,13);/q;;+2/p-2/t2*2-,3-,4+,5-;/m11./s1",tasteless,odorless,['odorless'],,odorless,0,,,0,FDB001981,,,299-28-5@18016-24-5,"cation@anion@hydroxy compound@alcohol@primary alcohol@secondary alcohol@1,2-diol@carboxylic acid derivative@carboxylic acid salt@alpha-hydroxyacid",0,0,27,14,10,0,0,0,0,430.372,0,430.064,,0,3,0,8,0,,283.0,8,8,165.0,430.064,0,1,0,1,0,0,0,0,0,0,0,0
9649,Brucinum,"(4aR,5aS,8aR,15bR)-10,11-dimethoxy-4a,5,5a,7,8,13a,15,15a,15b,16-decahydro-2H-4,6-methanoindolo[3,2,1-ij]oxepino[2,3,4-de]pyrrolo[2,3-h]quinoline-14-one",COC1=C(C=C2C(=C1)C34CCN5C3CC6C7C4N2C(=O)CC7OCC=C6C5)OC,"InChI=1S/C23H26N2O4/c1-27-16-8-14-15(9-17(16)28-2)25-20(26)10-18-21-13-7-19-23(14,22(21)25)4-5-24(19)11-12(13)3-6-29-18/h3,8-9,13,18-19,21-22H,4-7,10-11H2,1-2H3/t13-,18?,19-,21-,22?,23+/m0/s1",very bitter taste,odorless,['bitter'],,,1,,91.0,0,,,,357-57-3,ether@dialkyl ether@alkyl aryl ether@amine@tertiary amine@tertiary aliphatic amine (trialkylamine)@carboxylic acid derivative@carboxylic acid amide@tertiary carboxylic acid amide@lactam@alkene@aromatic compound@heterocyclic compound,0,2,29,5,0,0,1,0,0,394.471,0,394.189,289.8,0,1,0,2,0,1.0,51.2,4,6,785.0,394.189,0,1,1,1,0,0,0,0,0,0,0,0
10112,Calcium Carbonate,calcium;carbonate,C(=O)([O-])[O-].[Ca+2],"InChI=1S/CH2O3.Ca/c2-1(3)4;/h(H2,2,3,4);/q;+2/p-2",chalky taste@tasteless,odorless,['odorless'],,odorless,0,,,0,FDB015437,,,"13397-26-7@1317-65-3@471-34-1@13701-58-1@72608-12-9@308068-21-5@13397-25-6@471-34-1, 7440-70-2",cation@anion@carbonic acid derivative,0,0,5,3,0,0,0,0,0,100.086,0,99.947,,0,2,0,0,0,,63.2,0,0,18.8,99.947,0,1,0,1,0,0,0,0,0,0,0,0
10340,Sodium Carbonate,disodium;carbonate,C(=O)([O-])[O-].[Na+].[Na+],"InChI=1S/CH2O3.2Na/c2-1(3)4;;/h(H2,2,3,4);;/q;2*+1/p-2",alkaline taste,odorless,['odorless'],,odorless,0,,,0,FDB015391,,,"497-19-8, 6132-02-1, 7440-23-5@497-19-8@7542-12-3",cation@anion@carbonic acid derivative,0,0,6,3,0,0,0,0,0,105.988,0,105.964,,0,3,0,0,0,,63.2,0,0,18.8,105.964,0,1,0,1,0,0,0,0,0,0,0,0
11029,Magnesium Carbonate,magnesium;carbonate,C(=O)([O-])[O-].[Mg+2],"InChI=1S/CH2O3.Mg/c2-1(3)4;/h(H2,2,3,4);/q;+2/p-2",,odorless,['odorless'],,odorless,0,,,0,FDB013290,,,7757-69-9@13717-00-5@546-93-0,cation@anion@carbonic acid derivative,0,0,5,3,0,0,0,0,0,84.313,0,83.97,,0,2,0,0,0,,63.2,0,0,18.8,83.97,0,1,0,1,0,0,0,0,0,0,0,0
11079,Naphazoline Hydrochloride,"2-(naphthalen-1-ylmethyl)-4,5-dihydro-1H-imidazole;hydrochloride",C1CN=C(N1)CC2=CC=CC3=CC=CC=C32.Cl,"InChI=1S/C14H14N2.ClH/c1-2-7-13-11(4-1)5-3-6-12(13)10-14-15-8-9-16-14;/h1-7H,8-10H2,(H,15,16);1H",bitter,odorless,['bitter'],,,1,,335.0,0,,,,550-99-2,carboxylic acid derivative@carboxylic acid amidine@aromatic compound@heterocyclic compound,0,0,17,1,2,0,0,0,0,246.738,0,246.092,,0,2,0,2,0,,24.4,0,0,272.0,246.092,0,1,1,1,0,0,0,0,0,0,0,0
11199,Ethenol,ethenol,C=CO,"InChI=1S/C2H4O/c1-2-3/h2-3H,1H2",tasteless,odorless,['odorless'],,odorless,0,,,0,FDB016802,,,557-75-5@9002-89-5,enol,0,0,3,1,1,0,0,0,0,44.053,0,44.026,39.5,0,1,0,0,0,0.5,20.2,0,0,10.3,44.026,0,1,0,1,0,0,0,0,0,0,0,0
11430,Potassium Carbonate,dipotassium;carbonate,C(=O)([O-])[O-].[K+].[K+],"InChI=1S/CH2O3.2K/c2-1(3)4;;/h(H2,2,3,4);;/q;2*+1/p-2",alkaline taste,odorless,['odorless'],,odorless,0,,,0,FDB015412,,,"298-14-6, 584-08-7@584-08-7@17353-70-7",cation@anion@carbonic acid derivative,0,0,6,3,0,0,0,0,0,138.205,0,137.912,,0,3,0,0,0,,63.2,0,0,18.8,137.912,0,1,0,1,0,0,0,0,0,0,0,0
12403,Heneicosane,henicosane,CCCCCCCCCCCCCCCCCCCCC,"InChI=1S/C21H44/c1-3-5-7-9-11-13-15-17-19-21-20-18-16-14-12-10-8-6-4-2/h3-21H2,1-2H3",,odorless,"['alkane', 'waxy']",,alkane@waxy,0,,,1,FDB004728,,,629-94-7,,0,0,21,0,0,0,1,0,0,296.583,1,296.344,,0,1,0,18,0,11.0,0.0,0,0,143.0,296.344,0,0,0,1,0,0,0,0,0,0,0,0
12405,Docosane,docosane,CCCCCCCCCCCCCCCCCCCCCC,"InChI=1S/C22H46/c1-3-5-7-9-11-13-15-17-19-21-22-20-18-16-14-12-10-8-6-4-2/h3-22H2,1-2H3",,odorless,"['alkane', 'waxy']",,alkane@waxy,0,,,1,FDB004725,,,629-97-0,,0,0,22,0,0,0,1,0,0,310.61,0,310.36,,0,1,0,19,0,11.5,0.0,0,0,153.0,310.36,0,0,0,1,0,0,0,0,0,0,0,0
12534,Tricosane,tricosane,CCCCCCCCCCCCCCCCCCCCCCC,"InChI=1S/C23H48/c1-3-5-7-9-11-13-15-17-19-21-23-22-20-18-16-14-12-10-8-6-4-2/h3-23H2,1-2H3",,odorless,"['alkane', 'waxy']",,alkane@waxy,0,,,1,FDB004733,,,638-67-5,,0,0,23,0,0,0,1,0,0,324.637,1,324.376,,0,1,0,20,0,12.1,0.0,0,0,165.0,324.376,0,0,0,1,0,0,0,0,0,0,0,0
12560,erythromycin,"(3R,4S,5S,6R,7R,9R,11R,12R,13S,14R)-6-[(2S,3R,4S,6R)-4-(dimethylamino)-3-hydroxy-6-methyloxan-2-yl]oxy-14-ethyl-7,12,13-trihydroxy-4-[(2R,4R,5S,6S)-5-hydroxy-4-methoxy-4,6-dimethyloxan-2-yl]oxy-3,5,7,9,11,13-hexamethyl-oxacyclotetradecane-2,10-dione",CCC1C(C(C(C(=O)C(CC(C(C(C(C(C(=O)O1)C)OC2CC(C(C(O2)C)O)(C)OC)C)OC3C(C(CC(O3)C)N(C)C)O)(C)O)C)C)O)(C)O,"InChI=1S/C37H67NO13/c1-14-25-37(10,45)30(41)20(4)27(39)18(2)16-35(8,44)32(51-34-28(40)24(38(11)12)15-19(3)47-34)21(5)29(22(6)33(43)49-25)50-26-17-36(9,46-13)31(42)23(7)48-26/h18-26,28-32,34,40-42,44-45H,14-17H2,1-13H3/t18-,19-,20+,21+,22-,23+,24+,25-,26+,28-,29+,30-,31+,32-,34+,35-,36-,37-/m1/s1",bitter,odorless,['bitter'],,,1,,99.0,0,,,,643-22-1@82343-12-2@7540-22-9@114-07-8@7704-67-8,"carbonyl compound@ketone@acetal@hydroxy compound@alcohol@secondary alcohol@tertiary alcohol@1,2-diol@ether@dialkyl ether@amine@tertiary amine@tertiary aliphatic amine (trialkylamine)@carboxylic acid derivative@carboxylic acid ester@lactone@heterocyclic compound",0,0,51,14,5,0,1,0,0,733.937,0,733.461,,0,1,0,7,0,2.7,194.0,18,18,1180.0,733.461,0,1,1,1,0,0,0,0,0,0,0,0
13344,Potassium citrate,"tripotassium;2-hydroxypropane-1,2,3-tricarboxylate",C(C(=O)[O-])C(CC(=O)[O-])(C(=O)[O-])O.[K+].[K+].[K+],"InChI=1S/C6H8O7.3K/c7-3(8)1-6(13,5(11)12)2-4(9)10;;;/h13H,1-2H2,(H,7,8)(H,9,10)(H,11,12);;;/q;3*+1/p-3","has cooling, saline taste",odorless,['odorless'],,odorless,0,,,0,FDB020551,,,"866-84-2@7778-49-6@866-84-2, 6100-05-6",cation@anion@hydroxy compound@alcohol@tertiary alcohol@carboxylic acid derivative@carboxylic acid salt@alpha-hydroxyacid,0,0,16,7,1,0,1,0,0,306.394,0,305.895,,1,4,0,2,0,,141.0,0,0,211.0,305.895,0,1,0,1,0,0,0,0,0,0,0,0
14777,Calcium hydrate,calcium;dihydroxide,[OH-].[OH-].[Ca+2],InChI=1S/Ca.2H2O/h;2*1H2/q+2;;/p-2,slightly bitter alkaline taste,odorless,"['odorless', 'bitter']",,odorless@bitter,1,,622.0,0,FDB015431,,,1305-62-0@12177-68-3,cation@anion,0,0,3,2,2,0,0,0,0,74.092,0,73.968,,0,3,0,0,0,,2.0,0,0,2.8,73.968,0,0,1,1,0,0,0,0,0,0,0,0
14778,Calcium Oxide,oxocalcium,O=[Ca],InChI=1S/Ca.O,,odorless,['odorless'],,odorless,0,,,0,FDB015401,,,1305-62-0@1305-78-8,,0,0,2,1,0,0,1,0,0,56.077,0,55.958,,0,1,0,0,0,,17.1,0,0,2.0,55.958,0,1,0,1,0,0,0,0,0,0,0,0
14792,Magnesium Oxide,oxomagnesium,O=[Mg],InChI=1S/Mg.O,,odorless,['odorless'],,odorless,0,,,0,FDB015358,,,1317-74-4@1309-48-4,,0,0,2,1,0,0,0,0,0,40.304,0,39.98,,0,1,0,0,0,,17.1,0,0,2.0,39.98,0,1,0,1,0,0,0,0,0,0,0,0
14806,Zinc Oxide,oxozinc,O=[Zn],InChI=1S/O.Zn,bitter taste,odorless,['odorless'],,odorless,0,,,0,FDB013489,,,"1314-13-2, 7440-66-6@91315-44-5@1314-13-2@8051-03-4",,0,0,2,1,0,0,0,0,0,81.379,0,79.924,,0,1,0,0,0,,17.1,0,0,2.0,79.924,0,1,0,1,0,0,0,0,0,0,0,0
23987,Helium,helium,[He],InChI=1S/He,tasteless,odorless,['odorless'],,odorless,0,,,0,FDB016248,,,7440-59-7@71086-78-7,,0,0,1,0,0,0,0,0,0,4.003,0,4.003,,0,1,0,0,0,,0.0,0,0,0.0,4.003,0,1,0,1,0,0,0,0,0,0,0,0
24083,Magnesium Sulfate,magnesium;sulfate,[O-]S(=O)(=O)[O-].[Mg+2],"InChI=1S/Mg.H2O4S/c;1-5(2,3)4/h;(H2,1,2,3,4)/q+2;/p-2","saline, bitter taste",odorless,['bitter'],,,1,,16.0,0,,,,7487-88-9@68081-97-0@18939-43-0@22189-08-8,cation@anion@sulfuric acid derivative@sulfuric acid,0,0,6,4,0,0,0,0,0,120.361,0,119.937,,0,2,0,0,0,,88.6,0,0,62.2,119.937,0,1,1,1,0,0,0,0,0,0,0,0
24261,Silica,dioxosilane,O=[Si]=O,InChI=1S/O2Si/c1-3-2,,odorless,['odorless'],,odorless,0,,,0,FDB014819,,,"13778-38-6@112945-52-5@91053-39-3@10279-57-9@61790-53-2@1317-79-9@14639-89-5@92283-58-4@13778-37-5@67256-35-3@7631-86-9@7631-86-9, 112926-00-8@15468-32-3@68909-20-6@11126-22-0@112926-00-8@68611-44-9@99439-28-8@14464-46-1@15723-40-7@14808-60-7@17679-64-0@60676-86-0@308066-74-2",,0,0,3,2,0,0,1,0,0,60.083,0,59.967,48.8,0,1,0,0,0,,34.1,0,0,18.3,59.967,0,1,0,1,0,0,0,0,0,0,0,0
24268,Sodium Nitrate,sodium;nitrate,[N+](=O)([O-])[O-].[Na+],InChI=1S/NO3.Na/c2-1(3)4;/q-1;+1,"saline, slightly bitter taste",odorless,['odorless'],,odorless,0,,,0,FDB015397,,,7631-99-4,cation@anion,0,0,5,3,0,0,0,0,0,84.994,0,84.978,,0,2,0,0,0,,62.9,0,0,18.8,84.978,0,1,0,1,0,0,0,0,0,0,0,0
24310,beta-D-Fructopyranose,"(2R,3S,4R,5R)-2-(hydroxymethyl)oxane-2,3,4,5-tetrol",C1C(C(C(C(O1)(CO)O)O)O)O,"InChI=1S/C6H12O6/c7-2-6(11)5(10)4(9)3(8)1-12-6/h3-5,7-11H,1-2H2/t3-,4-,5+,6-/m1/s1",sweet,odorless,['sweet'],,,0,Sweet,,0,,8427.0,,7660-25-5,"hemiacetal@hydroxy compound@alcohol@primary alcohol@secondary alcohol@1,2-diol@heterocyclic compound",0,0,12,6,5,0,0,0,0,180.156,0,180.063,122.6,0,1,0,1,0,-2.8,110.0,4,4,162.0,180.063,0,1,0,0,1,0,0,0,0,0,1,0
24434,Potassium Nitrate,potassium;nitrate,[N+](=O)([O-])[O-].[K+],InChI=1S/K.NO3/c;2-1(3)4/q+1;-1,"cooling, saline pungent taste",odorless,['odorless'],,odorless,0,,,0,FDB015409,,,"7757-79-1@7440-09-7, 7757-79-1",cation@anion,0,0,5,3,0,0,1,0,0,101.102,0,100.952,,0,2,0,0,0,,62.9,0,0,18.8,100.952,0,1,0,1,0,0,0,0,0,0,0,0
24439,Trimagnesium Phosphate,trimagnesium;diphosphate,[O-]P(=O)([O-])[O-].[O-]P(=O)([O-])[O-].[Mg+2].[Mg+2].[Mg+2],"InChI=1S/3Mg.2H3O4P/c;;;2*1-5(2,3)4/h;;;2*(H3,1,2,3,4)/q3*+2;;/p-6",tasteless,odorless,['odorless'],,odorless,0,,,0,FDB013362,,,7757-87-1,cation@anion@phosphoric acid derivative@phosphoric acid,0,0,13,8,0,0,0,0,0,262.855,0,261.862,,0,5,0,0,0,,173.0,0,0,36.8,261.862,0,1,0,1,0,0,0,0,0,0,0,0
24456,Calcium phosphate,tricalcium;diphosphate,[O-]P(=O)([O-])[O-].[O-]P(=O)([O-])[O-].[Ca+2].[Ca+2].[Ca+2],"InChI=1S/3Ca.2H3O4P/c;;;2*1-5(2,3)4/h;;;2*(H3,1,2,3,4)/q3*+2;;/p-6",tasteless,odorless,['odorless'],,odorless,0,,,0,FDB013356,,3081,21063-37-6@10103-46-5@7758-87-4,cation@anion@phosphoric acid derivative@phosphoric acid,0,0,13,8,0,0,1,0,0,310.174,1,309.795,,1,5,0,0,0,,173.0,0,0,36.8,309.795,0,1,0,1,0,0,0,0,0,0,0,0
24507,Potassium Sulfate,dipotassium;sulfate,[O-]S(=O)(=O)[O-].[K+].[K+],"InChI=1S/2K.H2O4S/c;;1-5(2,3)4/h;;(H2,1,2,3,4)/q2*+1;/p-2","hard, bitter, saline taste",odorless,['bitter'],,,1,,416.0,0,,,,10233-01-9@7778-80-5,cation@anion@sulfuric acid derivative@sulfuric acid,0,0,7,4,0,0,0,0,0,174.253,0,173.879,,0,3,0,0,0,,88.6,0,0,62.2,173.879,0,1,1,1,0,0,0,0,0,0,0,0
24619,Calcium Iodate,calcium;diiodate,[O-]I(=O)=O.[O-]I(=O)=O.[Ca+2],"InChI=1S/Ca.2HIO3/c;2*2-1(3)4/h;2*(H,2,3,4)/q+2;;/p-2",,odorless,['odorless'],,odorless,0,,,0,FDB015444,,,7789-80-2,cation@anion,0,0,9,6,0,0,1,0,0,389.881,0,389.741,,0,3,0,0,0,,114.0,0,0,36.5,389.741,0,1,0,1,0,0,0,0,0,0,0,0
24749,Aldohexose,"2,3,4,5,6-pentahydroxyhexanal",C(C(C(C(C(C=O)O)O)O)O)O,"InChI=1S/C6H12O6/c7-1-3(9)5(11)6(12)4(10)2-8/h1,3-6,8-12H,2H2",sweet,odorless,['sweet'],,,0,Sweet,,0,,104.0,,50-99-7@2595-97-3@45009-62-9@25191-16-6@1990-29-0,"carbonyl compound@aldehyde@hydroxy compound@alcohol@primary alcohol@secondary alcohol@1,2-diol",0,4,12,6,5,0,1,0,0,180.156,0,180.063,129.5,1,1,0,5,0,-2.9,118.0,0,4,138.0,180.063,0,1,0,0,1,0,0,0,0,0,1,0
25517,Ammonium Chloride,azanium;chloride,[NH4+].[Cl-],InChI=1S/ClH.H3N/h1H;1H3,"cooling, saline",odorless,['odorless'],,odorless,0,,,0,FDB013385,,,12125-02-9@54450-56-5,cation@anion,0,0,2,1,1,0,0,0,0,53.489,0,53.003,,0,2,0,0,0,,1.0,0,0,0.0,53.003,0,1,0,1,0,0,0,0,0,0,0,0
27350,Pancuronium Bromide,"[(2S,3S,5S,8R,9S,10S,13S,14S,16S,17R)-17-acetyloxy-10,13-dimethyl-2,16-bis(1-methylpiperidin-1-ium-1-yl)-2,3,4,5,6,7,8,9,11,12,14,15,16,17-tetradecahydro-1H-cyclopenta[a]phenanthren-3-yl] acetate;dibromide",CC(=O)OC1CC2CCC3C(C2(CC1[N+]4(CCCCC4)C)C)CCC5(C3CC(C5OC(=O)C)[N+]6(CCCCC6)C)C.[Br-].[Br-],"InChI=1S/C35H60N2O4.2BrH/c1-24(38)40-32-21-26-13-14-27-28(35(26,4)23-31(32)37(6)19-11-8-12-20-37)15-16-34(3)29(27)22-30(33(34)41-25(2)39)36(5)17-9-7-10-18-36;;/h26-33H,7-23H2,1-6H3;2*1H/q+2;;/p-2/t26-,27+,28-,29-,30-,31-,32-,33-,34-,35-;;/m0../s1",bitter,odorless,['bitter'],,,1,,360.0,0,,,,15500-66-0,cation@anion@quaternary ammonium salt@carboxylic acid derivative@carboxylic acid ester@heterocyclic compound,0,0,43,6,0,0,0,0,0,732.683,0,732.29,,0,3,0,6,0,,52.6,10,10,1000.0,730.292,0,1,1,1,0,0,0,0,0,0,0,0
31304,Picrotoxinum,,CC(=C)C1C2C3C4(C(C1C(=O)O2)(CC5C4(O5)C(=O)O3)O)C.CC12C3C4C(C(C1(CC5C2(O5)C(=O)O3)O)C(=O)O4)C(C)(C)O,"InChI=1S/C15H18O7.C15H16O6/c1-12(2,18)6-7-10(16)20-8(6)9-13(3)14(7,19)4-5-15(13,22-5)11(17)21-9;1-5(2)7-8-11(16)19-9(7)10-13(3)14(8,18)4-6-15(13,21-6)12(17)20-10/h5-9,18-19H,4H2,1-3H3;6-10,18H,1,4H2,2-3H3/t5-,6+,7?,8?,9-,13-,14-,15+;6?,7-,8?,9?,10+,13+,14+,15-/m10/s1",very bitter,odorless,['bitter'],,,1,,407.0,0,,,,124-87-8,hydroxy compound@alcohol@tertiary alcohol@ether@dialkyl ether@carboxylic acid derivative@carboxylic acid ester@lactone@alkene@heterocyclic compound,0,5,43,13,3,0,0,0,0,602.589,0,602.2,,0,2,0,2,0,,191.0,11,16,1290.0,602.2,0,1,1,1,0,0,0,0,0,0,0,0
33032,L-glutamic acid,(2S)-2-aminopentanedioic acid,C(CC(=O)O)C(C(=O)O)N,"InChI=1S/C5H9NO4/c6-3(5(9)10)1-2-4(7)8/h3H,1-2,6H2,(H,7,8)(H,9,10)/t3-/m0/s1",umami sour taste@acidic (glutamate-like) taste,odorless,"['yeast', 'bread', 'baked', 'mild']",Savory,yeast@bread@baked@mild,0,,,0,FDB012535,,3285,25513-46-6@56-86-0,amine@primary amine@primary aliphatic amine (alkylamine)@carboxylic acid derivative@carboxylic acid@alpha-aminoacid,0,0,10,5,3,0,1,0,0,147.13,1,147.053,108.5,0,1,0,4,0,-3.7,101.0,1,1,145.0,147.053,0,0,0,1,0,0,0,0,0,0,0,0
60961,adenosine,"(2R,3R,4S,5R)-2-(6-aminopurin-9-yl)-5-(hydroxymethyl)oxolane-3,4-diol",C1=NC2=C(C(=N1)N)N=CN2C3C(C(C(O3)CO)O)O,"InChI=1S/C10H13N5O4/c11-8-5-9(13-2-12-8)15(3-14-5)10-7(18)6(17)4(1-16)19-10/h2-4,6-7,10,16-18H,1H2,(H2,11,12,13)/t4-,6-,7-,10-/m1/s1","mild, saline, or bitter taste",odorless,['sweet-like'],,,0,Sweet-like,,0,,30595.0,,5536-17-4@58-61-7@30143-02-3,"hydroxy compound@alcohol@primary alcohol@secondary alcohol@1,2-diol@amine@primary amine@primary aromatic amine@aromatic compound@heterocyclic compound",0,0,19,8,4,1,0,0,0,267.245,0,267.097,183.3,0,1,0,2,0,-1.1,140.0,4,4,335.0,267.097,0,1,0,0,0,0,0,0,0,0,0,0
64927,Chloroquine diphosphate,"4-N-(7-chloroquinolin-4-yl)-1-N,1-N-diethylpentane-1,4-diamine;phosphoric acid",CCN(CC)CCCC(C)NC1=C2C=CC(=CC2=NC=C1)Cl.OP(=O)(O)O.OP(=O)(O)O,"InChI=1S/C18H26ClN3.2H3O4P/c1-4-22(5-2)12-6-7-14(3)21-17-10-11-20-18-13-15(19)8-9-16(17)18;2*1-5(2,3)4/h8-11,13-14H,4-7,12H2,1-3H3,(H,20,21);2*(H3,1,2,3,4)",bitter taste,odorless,['bitter'],,,1,,641.0,0,,,,50-63-5,amine@secondary amine@secondary aliphatic/aromatic amine (alkylarylamine)@tertiary amine@tertiary aliphatic amine (trialkylamine)@halogen derivative@aryl chloride@phosphoric acid derivative@phosphoric acid@aromatic compound@heterocyclic compound,0,1,32,11,7,0,0,0,0,515.865,0,515.135,,0,3,0,8,0,,184.0,0,1,359.0,515.135,0,1,1,1,0,0,0,0,0,0,0,0
71080,D-alanine,(2R)-2-aminopropanoic acid,CC(C(=O)O)N,"InChI=1S/C3H7NO2/c1-2(4)3(5)6/h2H,4H2,1H3,(H,5,6)/t2-/m1/s1",sweet taste,odorless,['sweet'],,,0,Sweet,,0,,20021.0,,338-69-2,amine@primary amine@primary aliphatic amine (alkylamine)@carboxylic acid derivative@carboxylic acid@alpha-aminoacid,0,0,6,3,2,0,1,0,0,89.094,0,89.048,68.8,1,1,0,1,0,-3.0,63.3,1,1,61.8,89.048,0,1,0,0,1,0,0,0,0,0,1,0
82170,L-Sorbitol,"(2R,3S,4S,5S)-hexane-1,2,3,4,5,6-hexol",C(C(C(C(C(CO)O)O)O)O)O,"InChI=1S/C6H14O6/c7-1-3(9)5(11)6(12)4(10)2-8/h3-12H,1-2H2/t3-,4+,5-,6-/m0/s1","sweet taste, approx 60% as sweet as sugar (wt/wt)",odorless,['sweet'],,,0,Sweet,,0,,185.0,,6706-59-8,"hydroxy compound@alcohol@primary alcohol@secondary alcohol@1,2-diol",0,0,12,6,6,1,0,0,0,182.172,0,182.079,131.4,0,1,0,5,0,-3.1,121.0,4,4,105.0,182.079,0,1,0,0,1,0,0,0,0,0,1,0
84571,alpha-lactose,"(2R,3R,4S,5R,6S)-2-(hydroxymethyl)-6-[(2R,3S,4R,5R,6S)-4,5,6-trihydroxy-2-(hydroxymethyl)oxan-3-yl]oxyoxane-3,4,5-triol",C(C1C(C(C(C(O1)OC2C(OC(C(C2O)O)O)CO)O)O)O)O,"InChI=1S/C12H22O11/c13-1-3-5(15)6(16)9(19)12(22-3)23-10-4(2-14)21-11(20)8(18)7(10)17/h3-20H,1-2H2/t3-,4-,5+,6+,7-,8-,9-,10-,11+,12+/m1/s1",sweet,odorless,['sweet'],,,0,Sweet,,0,,186.0,,14641-93-1@63-42-3,"hemiacetal@acetal@hydroxy compound@alcohol@primary alcohol@secondary alcohol@1,2-diol@heterocyclic compound",0,0,23,11,8,0,1,0,0,342.297,0,342.116,229.9,1,1,0,4,0,-4.7,190.0,10,10,382.0,342.116,0,1,0,0,1,0,0,0,0,0,1,0
107526,"(2R,3S,4R,5R)-2,3,4,5,6-pentahydroxyhexanal","(2R,3S,4R,5R)-2,3,4,5,6-pentahydroxyhexanal",C(C(C(C(C(C=O)O)O)O)O)O,"InChI=1S/C6H12O6/c7-1-3(9)5(11)6(12)4(10)2-8/h1,3-6,8-12H,2H2/t3-,4+,5+,6+/m0/s1",sweet,odorless,['sweet'],,,0,Sweet,,0,,55.0,,50-99-7@19030-38-7@815-92-9@28823-03-2@25191-16-6,"carbonyl compound@aldehyde@hydroxy compound@alcohol@primary alcohol@secondary alcohol@1,2-diol",0,0,12,6,5,0,1,0,0,180.156,0,180.063,128.9,1,1,0,5,0,-2.9,118.0,4,4,138.0,180.063,0,1,0,0,1,0,0,0,0,0,1,0
134601,aspartame,(3S)-3-amino-4-[[(2S)-1-methoxy-1-oxo-3-phenylpropan-2-yl]amino]-4-oxobutanoic acid,COC(=O)C(CC1=CC=CC=C1)NC(=O)C(CC(=O)O)N,"InChI=1S/C14H18N2O5/c1-21-14(20)11(7-9-5-3-2-4-6-9)16-13(19)10(15)8-12(17)18/h2-6,10-11H,7-8,15H2,1H3,(H,16,19)(H,17,18)/t10-,11-/m0/s1","sweet@in the presence of moisture it hydrolyzes to form aspartylphenylalanine and a diketopiperazine derivative, with a resulting loss of sweetness.",odorless,['sweet'],,,0,Sweet,,0,,1.0,,7421-84-3@22839-47-0,amine@primary amine@primary aliphatic amine (alkylamine)@carboxylic acid derivative@carboxylic acid@carboxylic acid ester@carboxylic acid amide@secondary carboxylic acid amide@aromatic compound,0,0,21,6,3,1,0,0,0,294.307,1,294.122,225.4,0,1,0,8,0,-2.7,119.0,2,2,380.0,294.122,0,1,0,0,1,0,0,0,0,0,1,0
145742,L-proline,(2S)-pyrrolidine-2-carboxylic acid,C1CC(NC1)C(=O)O,"InChI=1S/C5H9NO2/c7-5(8)4-2-1-3-6-4/h4,6H,1-3H2,(H,7,8)/t4-/m0/s1",sweet,odorless,['odorless'],Mouthfeel,odorless,0,,,0,FDB000570,,3319,4305-67-3@344-25-2@37159-97-0@147-85-3,amine@secondary amine@secondary aliphatic amine (dialkylamine)@carboxylic acid derivative@carboxylic acid@heterocyclic compound@alpha-aminoacid,0,0,8,3,2,0,1,0,0,115.132,1,115.063,89.0,1,1,0,1,0,-2.5,49.3,1,1,103.0,115.063,0,1,0,1,0,0,0,0,0,0,0,0
275196,noscapine,"(3S)-6,7-dimethoxy-3-[(5R)-4-methoxy-6-methyl-7,8-dihydro-5H-[1,3]dioxolo[4,5-g]isoquinolin-5-yl]-3H-2-benzofuran-1-one",CN1CCC2=CC3=C(C(=C2C1C4C5=C(C(=C(C=C5)OC)OC)C(=O)O4)OC)OCO3,"InChI=1S/C22H23NO7/c1-23-8-7-11-9-14-20(29-10-28-14)21(27-4)15(11)17(23)18-12-5-6-13(25-2)19(26-3)16(12)22(24)30-18/h5-6,9,17-18H,7-8,10H2,1-4H3/t17-,18+/m1/s1",very bitter taste,odorless,['bitter'],,bitter,1,,52.0,0,FDB011477,,,6035-40-1@128-62-1,acetal@ether@alkyl aryl ether@amine@tertiary amine@tertiary aliphatic amine (trialkylamine)@carboxylic acid derivative@carboxylic acid ester@lactone@aromatic compound@heterocyclic compound,0,0,30,8,0,0,1,0,0,413.426,0,413.147,305.9,0,1,0,4,0,2.7,75.7,2,2,647.0,413.147,0,1,1,1,0,0,0,0,0,0,0,0
439186,maltose,"(2R,3S,4S,5R,6R)-2-(hydroxymethyl)-6-[(2R,3S,4R,5R)-4,5,6-trihydroxy-2-(hydroxymethyl)oxan-3-yl]oxyoxane-3,4,5-triol",C(C1C(C(C(C(O1)OC2C(OC(C(C2O)O)O)CO)O)O)O)O,"InChI=1S/C12H22O11/c13-1-3-5(15)6(16)9(19)12(22-3)23-10-4(2-14)21-11(20)8(18)7(10)17/h3-20H,1-2H2/t3-,4-,5-,6+,7-,8-,9-,10-,11?,12-/m1/s1",sweet,odorless,['sweet'],,,0,Sweet,,0,,116.0,,63-42-3@69-79-4,"hemiacetal@acetal@hydroxy compound@alcohol@primary alcohol@secondary alcohol@1,2-diol@heterocyclic compound",0,1,23,11,8,0,1,0,0,342.297,0,342.116,231.3,1,1,0,4,0,-4.7,190.0,9,10,382.0,342.116,0,1,0,0,1,0,0,0,0,0,1,0
440995,lactose,"(2R,3R,4S,5R,6S)-2-(hydroxymethyl)-6-[(2R,3S,4R,5R)-4,5,6-trihydroxy-2-(hydroxymethyl)oxan-3-yl]oxyoxane-3,4,5-triol",C(C1C(C(C(C(O1)OC2C(OC(C(C2O)O)O)CO)O)O)O)O,"InChI=1S/C12H22O11/c13-1-3-5(15)6(16)9(19)12(22-3)23-10-4(2-14)21-11(20)8(18)7(10)17/h3-20H,1-2H2/t3-,4-,5+,6+,7-,8-,9-,10-,11?,12+/m1/s1",sweet,odorless,['sweet'],,,0,Sweet,,0,,123.0,,63-42-3,"hemiacetal@acetal@hydroxy compound@alcohol@primary alcohol@secondary alcohol@1,2-diol@heterocyclic compound",0,1,23,11,8,0,1,0,0,342.297,0,342.116,230.2,1,1,0,4,0,-4.7,190.0,9,10,382.0,342.116,0,1,0,0,1,0,0,0,0,0,1,0
444972,fumaric acid,(E)-but-2-enedioic acid,C(=CC(=O)O)C(=O)O,"InChI=1S/C4H4O4/c5-3(6)1-2-4(7)8/h1-2H,(H,5,6)(H,7,8)/b2-1+",fruit acid,odorless,"['sour', 'odorless']",,sour@odorless,0,,,0,FDB003291,,2488,110-17-8@110-16-7@6915-18-0,carboxylic acid derivative@carboxylic acid@alkene,1,0,8,4,2,0,1,0,0,116.072,1,116.011,84.1,0,1,0,2,1,-0.3,74.6,0,0,119.0,116.011,0,0,0,1,0,0,0,0,0,0,0,0
516951,Potassium dihydrogen phosphate,potassium;dihydrogen phosphate,OP(=O)(O)[O-].[K+],"InChI=1S/K.H3O4P/c;1-5(2,3)4/h;(H3,1,2,3,4)/q+1;/p-1",,odorless,['odorless'],,odorless,0,,,0,FDB013364,,,7778-77-0,cation@anion@phosphoric acid derivative@phosphoric acid,0,0,6,4,2,0,0,0,0,136.084,0,135.933,,0,2,0,0,0,,80.6,0,0,61.9,135.933,0,1,0,1,0,0,0,0,0,0,0,0
517045,Sodium acetate,sodium;acetate,CC(=O)[O-].[Na+],"InChI=1S/C2H4O2.Na/c1-2(3)4;/h1H3,(H,3,4);/q;+1/p-1",,odorless,['odorless'],,odorless,0,,,0,FDB015418,,3900,126-96-5@127-09-3,cation@anion@carboxylic acid derivative@carboxylic acid salt,0,0,5,2,0,0,1,0,0,82.034,1,82.003,,1,2,0,0,0,,40.1,0,0,34.6,82.003,0,1,0,1,0,0,0,0,0,0,0,0
517055,sodium benzoate,sodium;benzoate,C1=CC=C(C=C1)C(=O)[O-].[Na+],"InChI=1S/C7H6O2.Na/c8-7(9)6-4-2-1-3-5-6;/h1-5H,(H,8,9);/q;+1/p-1","sweetish, astringent taste@unpleasant, sweetish, saline taste",odorless,"['odorless', 'bitter']",,odorless@bitter,1,,67.0,0,FDB019869,,3025,532-32-1,cation@anion@carboxylic acid derivative@carboxylic acid salt@aromatic compound,0,0,10,2,0,0,1,0,0,144.105,1,144.019,,1,2,0,1,0,,40.1,0,0,108.0,144.019,0,0,1,1,0,0,0,0,0,0,0,0
667477,doxepin,"(3E)-3-(6H-benzo[c][1]benzoxepin-11-ylidene)-N,N-dimethylpropan-1-amine",CN(C)CCC=C1C2=CC=CC=C2COC3=CC=CC=C31,"InChI=1S/C19H21NO/c1-20(2)13-7-11-17-16-9-4-3-8-15(16)14-21-19-12-6-5-10-18(17)19/h3-6,8-12H,7,13-14H2,1-2H3/b17-11+",bitter,odorless,['bitter'],,,1,,694.0,0,,,,1668-19-5@3607-34-9,ether@alkyl aryl ether@amine@tertiary amine@tertiary aliphatic amine (trialkylamine)@alkene@aromatic compound@heterocyclic compound,1,0,21,2,0,0,0,0,0,279.383,0,279.162,231.4,0,1,0,3,1,4.3,12.5,0,0,363.0,279.162,0,1,1,1,0,0,0,0,0,0,0,0
667493,methylthiouracil,6-methyl-2-sulfanylidene-1H-pyrimidin-4-one,CC1=CC(=O)NC(=S)N1,"InChI=1S/C5H6N2OS/c1-3-2-4(8)7-5(9)6-3/h2H,1H3,(H2,6,7,8,9)",bitter,odorless,['bitter'],,,1,,323.0,0,,,,56-04-2,oxo(het)arene@thioxo(het)arene@aromatic compound@heterocyclic compound,0,0,9,2,2,0,0,0,0,142.176,0,142.02,104.8,0,1,0,0,0,-0.2,73.2,0,0,197.0,142.02,0,1,1,1,0,0,0,0,0,0,0,0
736366,1-(1-Naphthyl)-2-thiourea,naphthalen-1-ylthiourea,C1=CC=C2C(=C1)C=CC=C2NC(=S)N,"InChI=1S/C11H10N2S/c12-11(14)13-10-7-3-5-8-4-1-2-6-9(8)10/h1-7H,(H3,12,13,14)",bitter taste,odorless,['bitter'],,,1,,382.0,0,,,,86-88-4,thiourea@aromatic compound,0,0,14,1,2,0,0,0,0,202.275,0,202.056,158.2,0,1,0,1,0,1.7,70.1,0,0,217.0,202.056,0,1,1,1,0,0,0,0,0,0,0,0
1269845,2-thiouracil,2-sulfanylidene-1H-pyrimidin-4-one,C1=CNC(=S)NC1=O,"InChI=1S/C4H4N2OS/c7-3-1-2-5-4(8)6-3/h1-2H,(H2,5,6,7,8)",bitter taste,odorless,['bitter'],,,1,,522.0,0,,,,141-90-2,oxo(het)arene@thioxo(het)arene@aromatic compound@heterocyclic compound,0,0,8,2,2,0,0,0,0,128.149,0,128.004,91.9,0,1,0,0,0,-0.3,73.2,0,0,163.0,128.004,0,1,1,1,0,0,0,0,0,0,0,0
2723872,D-Fructopyranose,"(3S,4R,5R)-2-(hydroxymethyl)oxane-2,3,4,5-tetrol",C1C(C(C(C(O1)(CO)O)O)O)O,"InChI=1S/C6H12O6/c7-2-6(11)5(10)4(9)3(8)1-12-6/h3-5,7-11H,1-2H2/t3-,4-,5+,6?/m1/s1",sweet,odorless,['sweet'],,,0,Sweet,,0,,8869.0,,57-48-7,"hemiacetal@hydroxy compound@alcohol@primary alcohol@secondary alcohol@1,2-diol@heterocyclic compound",0,1,12,6,5,0,0,0,0,180.156,0,180.063,122.6,0,1,0,1,0,-2.8,110.0,3,4,162.0,180.063,0,1,0,0,1,0,0,0,0,0,1,0
3034034,Quinine,"(R)-[(2S,4S,5R)-5-ethenyl-1-azabicyclo[2.2.2]octan-2-yl]-(6-methoxyquinolin-4-yl)methanol",COC1=CC2=C(C=CN=C2C=C1)C(C3CC4CCN3CC4C=C)O,"InChI=1S/C20H24N2O2/c1-3-13-12-22-9-7-14(13)10-19(22)20(23)16-6-8-21-18-5-4-15(24-2)11-17(16)18/h3-6,8,11,13-14,19-20,23H,1,7,9-10,12H2,2H3/t13-,14-,19-,20+/m0/s1",very bitter taste,odorless,['bitter'],,bitter,1,,,0,FDB002087,,2976@2977,130-95-0@130-89-2@1407-83-6,hydroxy compound@alcohol@secondary alcohol@ether@alkyl aryl ether@amine@tertiary amine@tertiary aliphatic amine (trialkylamine)@alkene@aromatic compound@heterocyclic compound,0,0,24,4,1,0,1,0,0,324.424,1,324.184,252.5,1,1,0,4,0,2.9,45.6,4,4,457.0,324.184,0,1,1,1,0,0,0,0,0,0,0,0
5360696,dextromethorphan,,CN1CCC23CCCCC2C1CC4=C3C=C(C=C4)OC,"InChI=1S/C18H25NO/c1-19-10-9-18-8-4-3-5-15(18)17(19)11-13-6-7-14(20-2)12-16(13)18/h6-7,12,15,17H,3-5,8-11H2,1-2H3/t15-,17+,18+/m1/s1",,odorless,['bitter'],,bitter,1,,77.0,0,FDB022738,,,510-53-2@125-71-3@125-70-2,ether@alkyl aryl ether@amine@tertiary amine@tertiary aliphatic amine (trialkylamine)@aromatic compound@heterocyclic compound,0,0,20,2,0,1,0,0,0,271.404,0,271.194,216.6,0,1,0,1,0,3.4,12.5,3,3,370.0,271.194,0,1,1,1,0,0,0,0,0,0,0,0
5447130,nitrofurazone,[(E)-(5-nitrofuran-2-yl)methylideneamino]urea,C1=C(OC(=C1)[N+](=O)[O-])C=NNC(=O)N,"InChI=1S/C6H6N4O4/c7-6(11)9-8-3-4-1-2-5(14-4)10(12)13/h1-3H,(H3,7,9,11)/b8-3+",nearly tasteless but develops bitter aftertaste,odorless,['bitter'],,,1,,346.0,0,,,,59-87-0,semicarbazone@hydrazine derivative@nitro compound@aromatic compound@heterocyclic compound,1,0,14,5,2,0,0,0,0,198.138,0,198.039,139.8,0,1,0,2,1,0.2,126.0,0,0,261.0,198.039,0,1,1,1,0,0,0,0,0,0,0,0
6093170,62-33-9,calcium;disodium;2-[2-[bis(carboxylatomethyl)amino]ethyl-(carboxylatomethyl)amino]acetate,C(CN(CC(=O)[O-])CC(=O)[O-])N(CC(=O)[O-])CC(=O)[O-].[Na+].[Na+].[Ca+2],"InChI=1S/C10H16N2O8.Ca.2Na/c13-7(14)3-11(4-8(15)16)1-2-12(5-9(17)18)6-10(19)20;;;/h1-6H2,(H,13,14)(H,15,16)(H,17,18)(H,19,20);;;/q;+2;2*+1/p-4",faint saline taste,odorless,['odorless'],,odorless,0,,,0,FDB000747,,,"23411-34-9@62-33-9, 6766-87-6@62-33-9",cation@anion@amine@tertiary amine@tertiary aliphatic amine (trialkylamine)@carboxylic acid derivative@carboxylic acid salt,0,0,23,10,0,0,0,0,0,374.27,0,374.001,,0,4,0,7,0,,167.0,0,0,293.0,374.001,0,1,0,1,0,0,0,0,0,0,0,0
6850753,Rhomellose,"6-(hydroxymethyl)-5-methoxy-2-[4,5,6-trimethoxy-2-(methoxymethyl)oxan-3-yl]oxyoxane-3,4-diol",COCC1C(C(C(C(O1)OC)OC)OC)OC2C(C(C(C(O2)CO)OC)O)O,"InChI=1S/C17H32O11/c1-21-7-9-13(14(23-3)15(24-4)17(25-5)27-9)28-16-11(20)10(19)12(22-2)8(6-18)26-16/h8-20H,6-7H2,1-5H3",tasteless,odorless,['sweet'],,,0,Sweet,,0,,10329.0,,,"acetal@hydroxy compound@alcohol@primary alcohol@secondary alcohol@1,2-diol@ether@dialkyl ether@heterocyclic compound",0,10,28,11,3,0,0,0,0,412.432,0,412.194,,0,1,0,9,0,-2.6,135.0,0,10,453.0,412.194,0,1,0,0,1,0,0,0,0,0,1,0
14148199,Dormatylan,"sodium;5-pentan-2-yl-5-prop-2-enylpyrimidin-3-ide-2,4,6-trione",CCCC(C)C1(C(=O)NC(=O)[N-]C1=O)CC=C.[Na+],"InChI=1S/C12H18N2O3.Na/c1-4-6-8(3)12(7-5-2)9(15)13-11(17)14-10(12)16;/h5,8H,2,4,6-7H2,1,3H3,(H2,13,14,15,16,17);/q;+1/p-1",slightly bitter,odorless,['bitter'],,,1,,467.0,0,,,,309-43-3,"cation@anion@carboxylic acid derivative@carboxylic acid imide@carboxylic acid imide, N-unsubstituted@urea@alkene@heterocyclic compound",0,2,18,4,1,0,0,0,0,260.269,0,260.114,,0,2,0,5,0,,64.2,0,2,370.0,260.114,0,1,1,1,0,0,0,0,0,0,0,0
16760467,potassium gluconate,"potassium;(2R,3S,4R,5R)-2,3,4,5,6-pentahydroxyhexanoate",C(C(C(C(C(C(=O)[O-])O)O)O)O)O.[K+],"InChI=1S/C6H12O7.K/c7-1-2(8)3(9)4(10)5(11)6(12)13;/h2-5,7-11H,1H2,(H,12,13);/q;+1/p-1/t2-,3-,4+,5-;/m1./s1","mild, slightly saline taste",odorless,['odorless'],,odorless,0,,,0,FDB020126,,,35087-77-5@299-27-4,"cation@anion@hydroxy compound@alcohol@primary alcohol@secondary alcohol@1,2-diol@carboxylic acid derivative@carboxylic acid salt@alpha-hydroxyacid",0,0,14,7,5,0,0,0,0,234.245,0,234.014,,0,2,0,5,0,,141.0,4,4,176.0,234.014,0,1,0,1,0,0,0,0,0,0,0,0
23424000,Monosodium Ascorbate,"sodium;2-(1,2-dihydroxyethyl)-4-hydroxy-5-oxo-2H-furan-3-olate",C(C(C1C(=C(C(=O)O1)O)[O-])O)O.[Na+],"InChI=1S/C6H8O6.Na/c7-1-2(8)5-3(9)4(10)6(11)12-5;/h2,5,7-10H,1H2;/q;+1/p-1",,odorless,['odorless'],,odorless,0,,,0,FDB001226,,,7317-67-1,"cation@anion@hydroxy compound@alcohol@primary alcohol@secondary alcohol@1,2-diol@enediol@carboxylic acid derivative@carboxylic acid ester@lactone@heterocyclic compound",0,2,13,6,3,0,0,0,0,198.106,0,198.014,,0,2,0,2,0,,110.0,0,2,237.0,198.014,0,1,0,1,0,0,0,0,0,0,0,0
23665710,Potassium Iodate,potassium;iodate,[O-]I(=O)=O.[K+],"InChI=1S/HIO3.K/c2-1(3)4;/h(H,2,3,4);/q;+1/p-1",,odorless,['odorless'],,odorless,0,,,0,FDB015410,,,7758-05-6,cation@anion,0,0,5,3,0,0,0,0,0,214.0,0,213.853,,0,2,0,0,0,,57.2,0,0,49.8,213.853,0,1,0,1,0,0,0,0,0,0,0,0
23672064,Monosodium phosphate,sodium;dihydrogen phosphate,OP(=O)(O)[O-].[Na+],"InChI=1S/Na.H3O4P/c;1-5(2,3)4/h;(H3,1,2,3,4)/q+1;/p-1",,odorless,['odorless'],,odorless,0,,,0,FDB013365,,,7558-80-7@89140-32-9@7632-05-5,cation@anion@phosphoric acid derivative@phosphoric acid,0,0,6,4,2,0,0,0,0,119.976,0,119.959,,0,2,0,0,0,,80.6,0,0,61.9,119.959,0,1,0,1,0,0,0,0,0,0,0,0
23690439,Carrbutabarb,"sodium;5-butan-2-yl-5-ethyl-4,6-dioxo-1H-pyrimidin-2-olate",CCC(C)C1(C(=O)NC(=NC1=O)[O-])CC.[Na+],"InChI=1S/C10H16N2O3.Na/c1-4-6(3)10(5-2)7(13)11-9(15)12-8(10)14;/h6H,4-5H2,1-3H3,(H2,11,12,13,14,15);/q;+1/p-1",bitter,odorless,['bitter'],,,1,,613.0,0,,,,143-81-7,cation@anion@carboxylic acid derivative@carboxylic acid amide@secondary carboxylic acid amide@lactam@isourea@heterocyclic compound,0,2,16,3,1,0,0,0,0,234.231,0,234.098,,0,2,0,3,0,,81.6,0,2,330.0,234.098,0,1,1,1,0,0,0,0,0,0,0,0
54670067,l-ascorbic acid,"(2R)-2-[(1S)-1,2-dihydroxyethyl]-3,4-dihydroxy-2H-furan-5-one",C(C(C1C(=C(C(=O)O1)O)O)O)O,"InChI=1S/C6H8O6/c7-1-2(8)5-3(9)4(10)6(11)12-5/h2,5,7-10H,1H2/t2-,5+/m0/s1","pleasant, sharp, acidic taste",odorless,[],,,0,,,0,,,2109,299-36-5@50-81-7@53262-66-1@6730-29-6,"hydroxy compound@alcohol@primary alcohol@secondary alcohol@1,2-diol@enediol@carboxylic acid derivative@carboxylic acid ester@lactone@heterocyclic compound",0,0,12,6,4,0,1,0,0,176.124,1,176.032,120.9,0,1,0,2,0,-1.6,107.0,2,2,232.0,176.032,0,0,0,1,0,0,0,0,0,0,0,0
69301022,lactose,"(2R,3R,4S,5R)-2-(hydroxymethyl)-6-[(2R,3S,4R,5R)-4,5,6-trihydroxy-2-(hydroxymethyl)oxan-3-yl]oxyoxane-3,4,5-triol",C(C1C(C(C(C(O1)OC2C(OC(C(C2O)O)O)CO)O)O)O)O,"InChI=1S/C12H22O11/c13-1-3-5(15)6(16)9(19)12(22-3)23-10-4(2-14)21-11(20)8(18)7(10)17/h3-20H,1-2H2/t3-,4-,5+,6+,7-,8-,9-,10-,11?,12?/m1/s1",sweet,odorless,['sweet-like'],,,0,Sweet-like,,0,,20177.0,,63-42-3,"hemiacetal@acetal@hydroxy compound@alcohol@primary alcohol@secondary alcohol@1,2-diol@heterocyclic compound",0,2,23,11,8,1,0,0,0,342.297,0,342.116,230.5,0,1,0,4,0,-4.7,190.0,8,10,382.0,342.116,0,1,0,0,0,0,0,0,0,0,0,0
71308275,Sorbo,"(3S,4S,5R)-hexane-1,2,3,4,5,6-hexol",C(C(C(C(C(CO)O)O)O)O)O,"InChI=1S/C6H14O6/c7-1-3(9)5(11)6(12)4(10)2-8/h3-12H,1-2H2/t3-,4?,5+,6+/m1/s1","sweet taste, approx 60% as sweet as sugar (wt/wt)",odorless,['sweet-like'],,,0,Sweet-like,,0,,24853.0,,,"hydroxy compound@alcohol@primary alcohol@secondary alcohol@1,2-diol",0,1,12,6,6,1,0,0,0,182.172,0,182.079,131.2,0,1,0,5,0,-3.1,121.0,3,4,105.0,182.079,0,1,0,0,0,0,0,0,0,0,0,0
71571511,9002-18-0,"(2R,3S,4S,5R)-2-(hydroxymethyl)-6-[[(4R,5S)-4-hydroxy-3-methyl-2,6-dioxabicyclo[3.2.1]octan-8-yl]oxy]-4-methoxyoxane-3,5-diol",CC1C(C2C(C(O1)CO2)OC3C(C(C(C(O3)CO)O)OC)O)O,"InChI=1S/C14H24O9/c1-5-8(16)13-11(7(21-5)4-20-13)23-14-10(18)12(19-2)9(17)6(3-15)22-14/h5-18H,3-4H2,1-2H3/t5?,6-,7?,8-,9+,10-,11?,12+,13+,14?/m1/s1",tasteless,odorless,[],,,0,,,0,,,2012,9002-18-0,acetal@hydroxy compound@alcohol@primary alcohol@secondary alcohol@ether@dialkyl ether@heterocyclic compound,0,4,23,9,4,0,1,0,0,336.337,1,336.142,237.1,1,1,0,4,0,-2.2,127.0,6,10,408.0,336.142,0,0,0,1,0,0,0,0,0,0,0,0
