pubchem_id,common_name,inchi,smile,sulfur,bitter,fruity,herbal,floral,green,woody,flavor_profile
126,4-hydroxybenzaldehyde,"InChI=1S/C7H6O2/c8-5-6-1-3-7(9)4-2-6/h1-5,9H",C1=CC(=CC=C1C=O)O,0,0,0,0,0,0,1,"['woody', 'sweet', 'balsam', 'nutty', 'almond']"
261,butyraldehyde,"InChI=1S/C4H8O/c1-2-3-4-5/h4H,2-3H2,1H3",CCCC=O,0,0,1,0,1,1,1,"['bready', 'chocolate', 'creamy', 'pear', 'vegetable', 'fatty', 'earthy', 'woody', 'pungent', 'nutty', 'wine_like', 'meaty', 'spicy', 'citrus', 'herbaceous', 'green', 'apple', 'floral', 'musty', 'cocoa', 'fruity', 'malty']"
325,4-isopropylbenzyl alcohol,"InChI=1S/C10H14O/c1-8(2)10-5-3-9(7-11)4-6-10/h3-6,8,11H,7H2,1-2H3",CC(C)C1=CC=C(C=C1)CO,0,0,0,1,0,0,1,"['spicy', 'herb', 'herbal', 'leather', 'caraway', 'strong', 'wood', 'cumin']"
342,m-cresol,"InChI=1S/C7H8O/c1-6-3-2-4-7(8)5-6/h2-5,8H,1H3",CC1=CC(=CC=C1)O,0,0,0,0,0,0,1,"['medical', 'leather', 'woody', 'fecal', 'phenolic', 'medicinal', 'plastic']"
460,guaiacol,"InChI=1S/C7H8O2/c1-9-7-5-3-2-4-6(7)8/h2-5,8H,1H3",COC1=CC=CC=C1O,0,0,0,0,0,0,1,"['spice', 'vanilla', 'smoky', 'sweet', 'woody', 'phenolic', 'medicine', 'medicinal', 'smoke']"
3314,eugenol,"InChI=1S/C10H12O2/c1-3-4-8-5-6-9(11)10(7-8)12-2/h3,5-7,11H,1,4H2,2H3",COC1=C(C=CC(=C1)CC=C)O,0,0,0,0,0,0,1,"['clove', 'sweet', 'woody', 'honey', 'spicy', 'cinnamon']"
3611,hinokitiol,"InChI=1S/C10H12O2/c1-7(2)8-4-3-5-9(11)10(12)6-8/h3-7H,1-2H3,(H,11,12)",CC(C)C1=CC(=O)C(=CC=C1)O,0,0,0,0,0,0,1,"['woody', 'phenolic']"
3776,isopropanol,"InChI=1S/C3H8O/c1-3(2)4/h3-4H,1-2H3",CC(C)O,0,1,0,0,0,0,1,"['woody', 'bitter', 'musty', 'alcohol']"
4276,Myristicin,"InChI=1S/C11H12O3/c1-3-4-8-5-9(12-2)11-10(6-8)13-7-14-11/h3,5-6H,1,4,7H2,2H3",COC1=CC(=CC2=C1OCO2)CC=C,0,0,0,0,0,0,1,"['balsamic', 'spice', 'warm', 'woody', 'balsam']"
5144,safrole,"InChI=1S/C10H10O2/c1-2-3-8-4-5-9-10(6-8)12-7-11-9/h2,4-6H,1,3,7H2",C=CCC1=CC2=C(C=C1)OCO2,0,0,0,0,1,0,1,"['spice', 'warm', 'floral', 'sassafrass', 'sweet', 'woody', 'anise', 'spicy']"
5634,10-Undecenoic Acid,"InChI=1S/C11H20O2/c1-2-3-4-5-6-7-8-9-10-11(12)13/h2H,1,3-10H2,(H,12,13)",C=CCCCCCCCCC(=O)O,0,0,0,0,0,0,1,"['sweet', 'woody']"
6448,Bornyl Acetate,"InChI=1S/C12H20O2/c1-8(13)14-10-7-9-5-6-12(10,4)11(9,2)3/h9-10H,5-7H2,1-4H3",CC(=O)OC1CC2CCC1(C2(C)C)C,0,0,0,1,0,0,1,"['cedar', 'balsamic', 'spice', 'herbal', 'fresh', 'sweet', 'woody', 'pine needle', 'pine', 'camphor']"
6532,Linalyl isobutyrate,"InChI=1S/C14H24O2/c1-7-14(6,10-8-9-11(2)3)16-13(15)12(4)5/h7,9,12H,1,8,10H2,2-6H3",CC(C)C(=O)OC(C)(CCC=C(C)C)C=C,0,0,1,0,0,0,1,"['light', 'woody', 'fruity', 'bergamot', 'lavender']"
6544,Isophorone,"InChI=1S/C9H14O/c1-7-4-8(10)6-9(2,3)5-7/h4H,5-6H2,1-3H3",CC1=CC(=O)CC(C1)(C)C,0,0,1,0,0,1,1,"['cooling', 'tobacco', 'cedarwood', 'leather', 'musty', 'woody', 'sweet', 'fruity', 'camphoraceous', 'camphor', 'green']"
6548,Tetrahydrolinalool,"InChI=1S/C10H22O/c1-5-10(4,11)8-6-7-9(2)3/h9,11H,5-8H2,1-4H3",CCC(C)(CCCC(C)C)O,0,0,0,0,1,0,1,"['lilac', 'floral', 'oily', 'lily', 'woody', 'tea', 'bois de rose']"
6549,Linalool,"InChI=1S/C10H18O/c1-5-10(4,11)8-6-7-9(2)3/h5,7,11H,1,6,8H2,2-4H3",CC(=CCCC(C)(C=C)O)C,0,0,0,0,1,1,1,"['lemon', 'citrus', 'orange', 'floral', 'sweet', 'woody', 'blueberry', 'bois de rose', 'lavender', 'flower', 'green']"
6616,Camphene,"InChI=1S/C10H16/c1-7-8-4-5-9(6-8)10(7,2)3/h8-9H,1,4-6H2,2-3H3",CC1(C2CCC(C2)C1=C)C,0,0,0,1,0,0,1,"['fir needle', 'woody', 'herbal', 'camphor']"
6631,Dihydroterpinyl acetate,"InChI=1S/C12H22O2/c1-9-5-7-11(8-6-9)12(3,4)14-10(2)13/h9,11H,5-8H2,1-4H3",CC1CCC(CC1)C(C)(C)OC(=O)C,0,0,0,0,0,0,1,"['citrus', 'lime', 'woody', 'cologne', 'pine']"
6654,Alpha-Pinene,"InChI=1S/C10H16/c1-7-4-5-8-6-9(7)10(8,2)3/h4,8-9H,5-6H2,1-3H3",CC1=CCC2CC1C2(C)C,0,0,0,0,0,0,1,"['harsh', 'turpentine', 'minty', 'fresh', 'earthy', 'sweet', 'woody', 'terpene', 'pine', 'camphor']"
6874,Isoamyl salicylate,"InChI=1S/C12H16O3/c1-9(2)7-8-15-12(14)10-5-3-4-6-11(10)13/h3-6,9,13H,7-8H2,1-2H3",CC(C)CCOC(=O)C1=CC=CC=C1O,0,0,0,1,0,0,1,"['wintergreen', 'tobacco', 'metallic', 'floral', 'soapy', 'herbal', 'woody', 'bitter', 'orchid']"
6949,Guaiene,"InChI=1S/C15H24/c1-10(2)13-7-5-11(3)14-8-6-12(4)15(14)9-13/h11-12H,5-9H2,1-4H3",CC1CCC(=C(C)C)CC2=C1CCC2C,0,0,0,0,0,0,1,"['guaiacwood', 'powdery', 'spice', 'sweet', 'woody', 'wood', 'spicy', 'dry']"
6985,"2',4'-Dimethylacetophenone","InChI=1S/C10H12O/c1-7-4-5-10(9(3)11)8(2)6-7/h4-6H,1-3H3",CC1=CC(=C(C=C1)C(=O)C)C,0,0,0,0,1,0,1,"['floral', 'woody', 'sweet', 'minty', 'mimosa']"
7041,"2,6-Dimethoxyphenol","InChI=1S/C8H10O3/c1-10-6-4-3-5-7(11-2)8(6)9/h3-5,9H,1-2H3",COC1=C(C(=CC=C1)OC)O,0,0,0,0,0,0,1,"['smoke', 'powdery', 'balsamic', 'smoky', 'bacon', 'phenol', 'woody', 'medicine', 'phenolic']"
7058,2-Naphthalenethiol,"InChI=1S/C10H8S/c11-10-6-5-8-3-1-2-4-9(8)7-10/h1-7,11H",C1=CC=C2C=C(C=CC2=C1)S,1,0,0,0,0,0,1,"['sulfurous', 'roasted', 'rubbery', 'woody', 'creamy', 'artichoke', 'meaty']"
7136,Acetyleugenol,"InChI=1S/C12H14O3/c1-4-5-10-6-7-11(15-9(2)13)12(8-10)14-3/h4,6-8H,1,5H2,2-3H3",CC(=O)OC1=C(C=C(C=C1)CC=C)OC,0,0,0,0,1,0,1,"['carnation', 'spice', 'clove', 'malt', 'fresh', 'floral', 'woody', 'sweet']"
7175,Propyl 4-hydroxybenzoate,"InChI=1S/C10H12O3/c1-2-7-13-10(12)8-3-5-9(11)6-4-8/h3-6,11H,2,7H2,1H3",CCCOC(=O)C1=CC=C(C=C1)O,0,0,0,0,0,0,1,"['burnt', 'smoky', 'sweet', 'woody', 'hawthorn']"
7304,1-Methyl-1H-pyrrole,"InChI=1S/C5H7N/c1-6-4-2-3-5-6/h2-5H,1H3",CN1C=CC=C1,0,0,0,1,0,0,1,"['smoky', 'powerful', 'herbal', 'woody']"
7362,2-Furaldehyde,InChI=1S/C5H4O2/c6-4-5-2-1-3-7-5/h1-4H,C1=COC(=C1)C=O,0,0,0,0,0,0,1,"['fragrant', 'bread', 'woody', 'sweet', 'baked', 'almond']"
7460,Alpha-Phellandrene,"InChI=1S/C10H16/c1-8(2)10-6-4-9(3)5-7-10/h4-6,8,10H,7H2,1-3H3",CC1=CCC(C=C1)C(C)C,0,0,0,1,0,1,1,"['mint', 'citrus', 'peppery', 'spice', 'herbal', 'turpentine', 'woody', 'terpene', 'green']"
7461,Gamma-Terpinene,"InChI=1S/C10H16/c1-8(2)10-6-4-9(3)5-7-10/h4,7-8H,5-6H2,1-3H3",CC1=CCC(=CC1)C(C)C,0,1,0,1,0,0,1,"['lemon', 'gasoline', 'tropical', 'terpene', 'turpentine', 'herbal', 'woody', 'bitter', 'oily', 'lime']"
7462,Alpha-Terpinene,"InChI=1S/C10H16/c1-8(2)10-6-4-9(3)5-7-10/h4,6,8H,5,7H2,1-3H3",CC1=CC=C(CC1)C(C)C,0,1,0,1,0,0,1,"['lemon', 'citrus', 'terpene', 'medicinal', 'herbal', 'woody', 'bitter', 'camphoraceous']"
7463,P-Cymene,"InChI=1S/C10H14/c1-8(2)10-6-4-9(3)5-7-10/h4-8H,1-3H3",CC1=CC=C(C=C1)C(C)C,0,0,0,0,0,0,1,"['solvent', 'citrus', 'spice', 'gasoline', 'fresh', 'woody', 'terpene']"
7465,4-Isopropylphenol,"InChI=1S/C9H12O/c1-7(2)8-3-5-9(10)6-4-8/h3-7,10H,1-2H3",CC(C)C1=CC=C(C=C1)O,0,0,0,0,0,0,1,"['woody', 'medicinal', 'spicy', 'warm']"
7520,Thioanisole,"InChI=1S/C7H8S/c1-8-7-5-3-2-4-6-7/h2-6H,1H3",CSC1=CC=CC=C1,0,0,0,0,0,0,1,"['solvent', 'toluene', 'woody', 'spicy']"
7599,4-Methoxybenzyl phenylacetate,"InChI=1S/C16H16O3/c1-18-15-9-7-14(8-10-15)12-19-16(17)11-13-5-3-2-4-6-13/h2-10H,11-12H2,1H3",COC1=CC=C(C=C1)COC(=O)CC2=CC=CC=C2,0,0,0,0,0,0,1,"['woody', 'anise', 'honey', 'balsam']"
7733,Isobutyl furfurylacetate,"InChI=1S/C11H16O3/c1-9(2)8-14-11(12)6-5-10-4-3-7-13-10/h3-4,7,9H,5-6,8H2,1-2H3",CC(C)COC(=O)CCC1=CC=CO1,0,0,1,0,1,0,1,"['pineapple', 'floral', 'woody', 'sweet', 'fruity']"
7895,2-Pentanone,"InChI=1S/C5H10O/c1-3-4-5(2)6/h3-4H2,1-2H3",CCCC(=O)C,0,0,1,0,0,0,1,"['potato', 'alcohol', 'ether', 'ethereal', 'wine', 'banana', 'fishy', 'fruit', 'sweet', 'woody', 'fruity']"
7921,gamma-Valerolactone,"InChI=1S/C5H8O2/c1-4-2-3-5(6)7-4/h4H,2-3H2,1H3",CC1CCC(=O)O1,0,0,0,1,0,0,1,"['tobacco', 'warm', 'herbal', 'cocoa', 'sweet', 'woody']"
7937,"2,6-Dimethylpyridine","InChI=1S/C7H9N/c1-6-4-3-5-7(2)8-6/h3-5H,1-2H3",CC1=NC(=CC=C1)C,0,0,0,0,0,0,1,"['bready', 'oily', 'woody', 'cocoa', 'nutty', 'amine']"
8051,2-Heptanone,"InChI=1S/C7H14O/c1-3-4-5-6-7(2)8/h3-6H2,1-2H3",CCCCCC(=O)C,0,0,1,1,0,0,1,"['coconut', 'soap', 'herbal', 'sweet', 'woody', 'fruity', 'spicy', 'cinnamon']"
8093,Octan-2-one,"InChI=1S/C8H16O/c1-3-4-5-6-7-8(2)9/h3-7H2,1-2H3",CCCCCCC(=O)C,0,1,0,1,0,0,1,"['natural', 'earthy', 'gasoline', 'weedy', 'herbal', 'woody', 'bitter', 'soap']"
8129,1-Heptanol,"InChI=1S/C7H16O/c1-2-3-4-5-6-7-8/h8H,2-7H2,1H3",CCCCCCCO,0,0,0,1,0,1,1,"['leafy', 'coconut', 'herbal', 'peony', 'strawberry', 'chemical', 'musty', 'sweet', 'woody', 'violet', 'green']"
8159,Heptyl acetate,"InChI=1S/C9H18O2/c1-3-4-5-6-7-8-11-9(2)10/h3-8H2,1-2H3",CCCCCCCOC(=O)C,0,0,1,0,0,1,1,"['apricot', 'fresh', 'ripe', 'fruit', 'woody', 'rum', 'pear', 'green']"
8294,Linalyl Acetate,"InChI=1S/C12H20O2/c1-6-12(5,14-11(4)13)9-7-8-10(2)3/h6,8H,1,7,9H2,2-5H3",CC(=CCCC(C)(C=C)OC(=O)C)C,0,0,1,0,0,1,1,"['citrus', 'fruit', 'sweet', 'woody', 'bergamot', 'lavender', 'green']"
8347,Vetiveryl acetate,"InChI=1S/C17H26O2/c1-10(2)14-8-16-11(3)6-15(19-13(5)18)7-12(4)17(16)9-14/h6,12,15-17H,7-9H2,1-5H3",CC1CC(C=C(C2C1CC(=C(C)C)C2)C)OC(=O)C,0,0,0,0,0,0,1,"['powdery', 'sandal', 'root', 'vetiver', 'woody', 'sweet', 'dry']"
8419,"3,4-Dimethoxybenzaldehyde","InChI=1S/C9H10O3/c1-11-8-4-3-7(6-10)5-9(8)12-2/h3-6H,1-2H3",COC1=C(C=C(C=C1)C=O)OC,0,0,0,0,0,0,1,"['caramel', 'vanilla', 'creamy', 'sweet', 'woody', 'cherry', 'minty']"
8655,Syringaldehyde,"InChI=1S/C9H10O4/c1-12-7-3-6(5-10)4-8(13-2)9(7)11/h3-5,11H,1-2H3",COC1=CC(=CC(=C1O)OC)C=O,0,0,0,0,0,0,1,"['mild', 'sweet', 'woody', 'tonka', 'plastic']"
8748,Beta-Terpineol,"InChI=1S/C10H18O/c1-8(2)9-4-6-10(3,11)7-5-9/h9,11H,1,4-7H2,2-3H3",CC(=C)C1CCC(CC1)(C)O,0,0,0,0,0,0,1,"['must', 'earthy', 'pungent', 'woody']"
9017,Citronellyl acetate,"InChI=1S/C12H22O2/c1-10(2)6-5-7-11(3)8-9-14-12(4)13/h6,11H,5,7-9H2,1-4H3",CC(CCC=C(C)C)CCOC(=O)C,0,0,1,0,1,1,1,"['lemon', 'citrus', 'rose', 'floral', 'fruit', 'woody', 'fruity', 'tropical', 'dust', 'green']"
9589,3-Acetylpyridine,"InChI=1S/C7H7NO/c1-6(9)7-3-2-4-8-5-7/h2-5H,1H3",CC(=O)C1=CN=CC=C1,0,0,0,0,0,0,1,"['dry', 'sweet', 'woody', 'hawthorn', 'nutty', 'popcorn', 'phenolic']"
10231,Dillapiole,"InChI=1S/C12H14O4/c1-4-5-8-6-9-11(16-7-15-9)12(14-3)10(8)13-2/h4,6H,1,5,7H2,2-3H3",COC1=C(C2=C(C=C1CC=C)OCO2)OC,0,0,0,0,0,0,1,"['wood', 'spice']"
10353,p-MENTHAN-8-OL,"InChI=1S/C10H20O/c1-8-4-6-9(7-5-8)10(2,3)11/h8-9,11H,4-7H2,1-3H3",CC1CCC(CC1)C(C)(C)O,0,0,0,0,0,0,1,"['lime', 'woody', 'sweet', 'pine', 'terpenic']"
10364,Carvacrol,"InChI=1S/C10H14O/c1-7(2)9-5-4-8(3)10(11)6-9/h4-7,11H,1-3H3",CC1=C(C=C(C=C1)C(C)C)O,0,0,0,0,0,0,1,"['woody', 'thymol', 'spice', 'camphor']"
10408,"6,10,14-Trimethylpentadecan-2-one","InChI=1S/C18H36O/c1-15(2)9-6-10-16(3)11-7-12-17(4)13-8-14-18(5)19/h15-17H,6-14H2,1-5H3",CC(C)CCCC(C)CCCC(C)CCCC(=O)C,0,0,0,1,0,0,1,"['jasmin', 'herbal', 'fat', 'oily', 'woody', 'celery']"
10534,"Bicyclo[2.2.1]heptane, 2-methyl-3-methylene-2-(4-methyl-3-pentenyl)-, (1S-exo)-","InChI=1S/C15H24/c1-11(2)6-5-9-15(4)12(3)13-7-8-14(15)10-13/h6,13-14H,3,5,7-10H2,1-2,4H3",CC(=CCCC1(C2CCC(C2)C1=C)C)C,0,0,0,0,0,0,1,['woody']
10582,Myrtenol,"InChI=1S/C10H16O/c1-10(2)8-4-3-7(6-11)9(10)5-8/h3,8-9,11H,4-6H2,1-2H3",CC1(C2CC=C(C1C2)CO)C,0,0,0,0,0,0,1,"['mint', 'medical', 'woody', 'sweet', 'balsam', 'pine']"
10823,3-Ethylpyridine,"InChI=1S/C7H9N/c1-2-7-4-3-5-8-6-7/h3-6H,2H2,1H3",CCC1=CN=CC=C1,0,0,1,0,1,1,1,"['caramel', 'citrus', 'tobacco', 'wine_like', 'smoky', 'vegetable', 'leather', 'oakmoss', 'fatty', 'floral', 'musty', 'woody', 'earthy', 'fruity', 'peanut', 'herbaceous', 'nutty', 'meaty', 'spicy', 'green']"
11230,Terpinen-4-ol,"InChI=1S/C10H18O/c1-8(2)10(11)6-4-9(3)5-7-10/h4,8,11H,5-7H2,1-3H3",CC1=CCC(CC1)(C(C)C)O,0,0,0,0,0,0,1,"['must', 'pepper', 'turpentine', 'musty', 'woody', 'sweet', 'nutmeg', 'earth']"
11463,Terpinolene,"InChI=1S/C10H16/c1-8(2)10-6-4-9(3)5-7-10/h4H,5-7H2,1-3H3",CC1=CCC(=C(C)C)CC1,0,0,0,0,0,0,1,"['citrus', 'fresh', 'sweet', 'woody', 'pine', 'plastic']"
11468,1-Terpineol,"InChI=1S/C10H18O/c1-8(2)9-4-6-10(3,11)7-5-9/h4,8,11H,5-7H2,1-3H3",CC(C)C1=CCC(CC1)(C)O,0,0,0,0,0,0,1,"['must', 'woody', 'musty', 'dry']"
11527,3-Octanol,"InChI=1S/C8H18O/c1-3-5-6-7-8(9)4-2/h8-9H,3-7H2,1-2H3",CCCCCC(CC)O,0,0,0,1,0,0,1,"['citrus', 'nut', 'moss', 'herbal', 'earthy', 'woody', 'melon', 'minty', 'mushroom', 'spicy']"
11613,Butyl isothiocyanate,"InChI=1S/C5H9NS/c1-2-3-4-6-5-7/h2-4H2,1H3",CCCCN=C=S,0,0,1,0,0,1,1,"['sulfur', 'citrus', 'wine_like', 'vegetable', 'sulfury', 'fatty', 'floral', 'earthy', 'woody', 'pungent', 'fruity', 'herbaceous', 'nutty', 'meaty', 'spicy', 'green']"
12230,Ethyl methyl sulfide,"InChI=1S/C3H8S/c1-3-4-2/h3H2,1-2H3",CCSC,0,0,1,0,0,1,1,"['sulfur', 'garlic', 'vegetable', 'sulfury', 'fatty', 'earthy', 'woody', 'nutty', 'wine_like', 'meaty', 'spicy', 'citrus', 'sulfurous', 'coffee', 'herbaceous', 'green', 'cabbage', 'pyridine', 'tomato', 'fishy', 'floral', 'fruity']"
12232,Dimethyl disulfide,InChI=1S/C2H6S2/c1-3-4-2/h1-2H3,CSSC,0,0,1,0,0,1,1,"['citrus', 'cabbage', 'sulfurous', 'putrid', 'wine_like', 'onion', 'vegetable', 'fatty', 'floral', 'earthy', 'woody', 'fruity', 'herbaceous', 'nutty', 'meaty', 'spicy', 'green']"
12530,Tridecanoic Acid,"InChI=1S/C13H26O2/c1-2-3-4-5-6-7-8-9-10-11-12-13(14)15/h2-12H2,1H3,(H,14,15)",CCCCCCCCCCCCC(=O)O,0,0,0,0,0,0,1,"['woody', 'waxy']"
12578,4'-Isopropylacetophenone,"InChI=1S/C11H14O/c1-8(2)10-4-6-11(7-5-10)9(3)12/h4-8H,1-3H3",CC(C)C1=CC=C(C=C1)C(=O)C,0,0,0,1,0,0,1,"['woody', 'herbal', 'spicy']"
14104,Thymol methyl ether,"InChI=1S/C11H16O/c1-8(2)10-6-5-9(3)7-11(10)12-4/h5-8H,1-4H3",CC1=CC(=C(C=C1)C(C)C)OC,0,0,0,0,0,0,1,"['smoky', 'woody', 'burnt']"
14235,Myrcenyl acetate,"InChI=1S/C12H20O2/c1-6-10(2)8-7-9-12(4,5)14-11(3)13/h6H,1-2,7-9H2,3-5H3",CC(=O)OC(C)(C)CCCC(=C)C=C,0,0,0,0,1,0,1,"['citrus', 'floral', 'woody', 'nutmeg', 'bergamot', 'lavender']"
14328,"3',4'-Dimethoxyacetophenone","InChI=1S/C10H12O3/c1-7(11)8-4-5-9(12-2)10(6-8)13-3/h4-6H,1-3H3",CC(=O)C1=CC(=C(C=C1)OC)OC,0,0,0,0,1,0,1,"['floral', 'sweet', 'woody']"
14525,Fenchone,"InChI=1S/C10H16O/c1-9(2)7-4-5-10(3,6-7)8(9)11/h7H,4-6H2,1-3H3",CC1(C2CCC(C2)(C1=O)C)C,0,1,0,1,0,0,1,"['earthy', 'cedarleaf', 'camphor', 'thuja', 'herbal', 'woody', 'bitter']"
14896,Beta-Pinene,"InChI=1S/C10H16/c1-7-4-5-8-6-9(7)10(8,2)3/h8-9H,1,4-6H2,2-3H3",CC1(C2CCC(=C)C1C2)C,0,0,0,0,0,1,1,"['resinous', 'resin', 'turpentine', 'green', 'hay', 'woody', 'pine', 'dry']"
15094,"7-methyl-4-methylidene-1-propan-2-yl-2,3,4a,5,6,8a-hexahydro-1H-naphthalene","InChI=1S/C15H24/c1-10(2)13-8-6-12(4)14-7-5-11(3)9-15(13)14/h9-10,13-15H,4-8H2,1-3H3",CC1=CC2C(CC1)C(=C)CCC2C(C)C,0,0,0,1,0,0,1,"['spice', 'herbal', 'woody', 'wood', 'herb']"
15406,Fenchol,"InChI=1S/C10H18O/c1-9(2)7-4-5-10(3,6-7)8(9)11/h7-8,11H,4-6H2,1-3H3",CC1(C2CCC(C2)(C1O)C)C,0,1,0,0,0,0,1,"['dry', 'lemon', 'borneol', 'sweet', 'pine', 'camphor', 'woody', 'bitter']"
15510,Cyclopentanethiol,"InChI=1S/C5H10S/c6-5-3-1-2-4-5/h5-6H,1-4H2",C1CCC(C1)S,0,0,1,0,1,1,1,"['citrus', 'wine_like', 'garlic', 'onion', 'vegetable', 'egg', 'alliaceous', 'fatty', 'floral', 'earthy', 'woody', 'horseradish', 'fruity', 'celery', 'herbaceous', 'nutty', 'meaty', 'spicy', 'green']"
17586,sec-Butyl ethyl ether,"InChI=1S/C6H14O/c1-4-6(3)7-5-2/h6H,4-5H2,1-3H3",CCC(C)OCC,0,0,0,0,1,0,1,"['floral', 'woody', 'berry']"
17868,3-Thujene,"InChI=1S/C10H16/c1-7(2)10-5-4-8(3)9(10)6-10/h4,7,9H,5-6H2,1-3H3",CC1=CCC2(C1C2)C(C)C,0,0,0,0,0,1,1,"['wood', 'woody', 'herb', 'green']"
18818,Sabinene,"InChI=1S/C10H16/c1-7(2)10-5-4-8(3)9(10)6-10/h7,9H,3-6H2,1-2H3",CC(C)C12CCC(=C)C1C2,0,0,0,0,0,0,1,"['citrus', 'spice', 'pepper', 'turpentine', 'woody', 'terpene', 'wood', 'pine']"
20083,Octan-2-ol,"InChI=1S/C8H18O/c1-3-4-5-6-7-8(2)9/h8-9H,3-7H2,1-2H3",CCCCCCC(C)O,0,0,0,1,0,1,1,"['fat', 'herbal', 'fresh', 'earthy', 'woody', 'mushroom', 'spicy', 'green']"
20487,Octahydrocoumarin,"InChI=1S/C9H14O2/c10-9-6-5-7-3-1-2-4-8(7)11-9/h7-8H,1-6H2",C1CCC2C(C1)CCC(=O)O2,0,0,0,1,0,0,1,"['coumarin', 'herbal', 'sweet', 'woody', 'tonka']"
20797,4674-50-4,"InChI=1S/C15H22O/c1-10(2)12-5-6-13-8-14(16)7-11(3)15(13,4)9-12/h8,11-12H,1,5-7,9H2,2-4H3",CC1CC(=O)C=C2C1(CC(CC2)C(=C)C)C,0,0,0,0,0,0,1,"['grapefruit peel', 'citrus', 'gardenia', 'woody', 'grapefruit']"
22311,Dipentene,"InChI=1S/C10H16/c1-8(2)10-6-4-9(3)5-7-10/h4,10H,1,5-7H2,2-3H3",CC1=CCC(CC1)C(=C)C,0,0,0,1,0,0,1,"['lemon', 'citrus', 'orange', 'herbal', 'woody', 'terpene', 'citric', 'camphor']"
23235,Hexyl benzoate,"InChI=1S/C13H18O2/c1-2-3-4-8-11-15-13(14)12-9-6-5-7-10-12/h5-7,9-10H,2-4,8,11H2,1H3",CCCCCCOC(=O)C1=CC=CC=C1,0,0,0,0,0,0,1,"['fresh', 'sappy', 'woody', 'clean', 'balsam']"
23535,Linalyl Anthranilate,"InChI=1S/C17H23NO2/c1-5-17(4,12-8-9-13(2)3)20-16(19)14-10-6-7-11-15(14)18/h5-7,9-11H,1,8,12,18H2,2-4H3",CC(=CCCC(C)(C=C)OC(=O)C1=CC=CC=C1N)C,0,0,0,1,0,0,1,"['orange', 'gardenia', 'herbal', 'linalool', 'fresh', 'woody', 'blossom']"
24585,p-Menth-8-en-3-ol,"InChI=1S/C10H18O/c1-7(2)9-5-4-8(3)6-10(9)11/h8-11H,1,4-6H2,2-3H3",CC1CCC(C(C1)O)C(=C)C,0,0,0,1,0,1,1,"['cooling', 'herbal', 'woody', 'minty', 'grassy', 'medicinal', 'green']"
24835,Eugenyl Formate,"InChI=1S/C11H12O3/c1-3-4-9-5-6-10(14-8-12)11(7-9)13-2/h3,5-8H,1,4H2,2H3",COC1=C(C=CC(=C1)CC=C)OC=O,0,0,0,0,0,0,1,"['orris', 'dry', 'woody', 'warm']"
26331,2-Ethylpyrazine,"InChI=1S/C6H8N2/c1-2-6-5-7-3-4-8-6/h3-5H,2H2,1H3",CCC1=NC=CN=C1,0,1,0,0,0,0,1,"['butter', 'peanut', 'musty', 'cocoa', 'nutty', 'wood', 'roasted', 'woody', 'bitter', 'peanut butter']"
27209,"4,4,7a-Trimethyl-5,6,7,7a-tetrahydrobenzofuran-2(4H)-one","InChI=1S/C11H16O2/c1-10(2)5-4-6-11(3)8(10)7-9(12)13-11/h7H,4-6H2,1-3H3",CC1(CCCC2(C1=CC(=O)O2)C)C,0,0,0,0,0,0,1,"['red fruit', 'coumarin', 'woody', 'musk', 'ripe apricot']"
28905,"2,3-Diethyl-5-Methylpyrazine","InChI=1S/C9H14N2/c1-4-8-9(5-2)11-7(3)6-10-8/h6H,4-5H2,1-3H3",CCC1=NC=C(N=C1CC)C,0,0,1,0,1,1,1,"['roast', 'citrus', 'hazelnut', 'roasted', 'wine_like', 'potato', 'vegetable', 'meat', 'fatty', 'floral', 'earthy', 'woody', 'musty', 'fruity', 'herbaceous', 'nutty', 'meaty', 'spicy', 'green']"
31211,Vanillylacetone,"InChI=1S/C11H14O3/c1-8(12)3-4-9-5-6-10(13)11(7-9)14-2/h5-7,13H,3-4H2,1-2H3",CC(=O)CCC1=CC(=C(C=C1)O)OC,0,0,0,0,0,0,1,"['vanilla', 'clove', 'animal', 'sweet', 'ginger', 'woody', 'spicy', 'phenolic']"
31252,"2,5-Dimethylpyrazine","InChI=1S/C6H8N2/c1-5-3-8-6(2)4-7-5/h3-4H,1-2H3",CC1=CN=C(C=N1)C,0,0,0,0,0,0,1,"['roast beef', 'roasted nuts', 'grass', 'medical', 'cocoa', 'woody', 'medicine', 'roasted nut', 'medicinal']"
31492,"2,4,5-Trimethyl-3-Oxazoline","InChI=1S/C6H11NO/c1-4-5(2)8-6(3)7-4/h5-6H,1-3H3",CC1C(=NC(O1)C)C,0,0,0,0,0,1,1,"['caramel', 'musty', 'wood', 'nutty', 'green']"
60990,4-Methylhydratropaldehyde,"InChI=1S/C10H12O/c1-8-3-5-10(6-4-8)9(2)7-11/h3-7,9H,1-2H3",CC1=CC=C(C=C1)C(C)C=O,0,0,0,1,1,1,1,"['powdery', 'herbal', 'floral', 'sweet', 'woody', 'green']"
61014,Ethylene brassylate,InChI=1S/C15H26O4/c16-14-10-8-6-4-2-1-3-5-7-9-11-15(17)19-13-12-18-14/h1-13H2,C1CCCCCC(=O)OCCOC(=O)CCCCC1,0,0,0,0,1,0,1,"['powdery', 'musky', 'floral', 'musty', 'sweet', 'ambrette', 'musk', 'woody']"
61016,"2,6-Dimethyl-5-heptenal","InChI=1S/C9H16O/c1-8(2)5-4-6-9(3)7-10/h5,7,9H,4,6H2,1-3H3",CC(CCC=C(C)C)C=O,0,0,1,0,1,1,1,"['lemon', 'peach', 'cantaloupe', 'clean', 'ozone', 'vegetable', 'fatty', 'earthy', 'woody', 'melon', 'nutty', 'wine_like', 'meaty', 'spicy', 'citrus', 'fruit', 'herbaceous', 'green', 'cucumber', 'fresh air', 'floral', 'watermelon', 'sweet', 'fruity', 'grapefruit']"
61079,Guaicwood acetate,"InChI=1S/C17H28O2/c1-11-6-8-14(17(4,5)19-13(3)18)10-16-12(2)7-9-15(11)16/h11-12,14H,6-10H2,1-5H3",CC1CCC(CC2=C1CCC2C)C(C)(C)OC(=O)C,0,0,0,0,0,1,1,"['rose', 'fatty', 'woody', 'tea', 'spicy', 'green']"
61098,Linalyl propionate,"InChI=1S/C13H22O2/c1-6-12(14)15-13(5,7-2)10-8-9-11(3)4/h7,9H,2,6,8,10H2,1,3-5H3",CCC(=O)OC(C)(CCC=C(C)C)C=C,0,0,0,0,0,0,1,"['rose', 'fresh', 'woody', 'lily', 'rum', 'bergamot']"
61124,"2,6,6-Trimethyl-1-cyclohexene-1-acetaldehyde","InChI=1S/C11H18O/c1-9-5-4-7-11(2,3)10(9)6-8-12/h8H,4-7H2,1-3H3",CC1=C(C(CCC1)(C)C)CC=O,0,0,1,0,0,0,1,"['cooling', 'woody', 'fruity', 'weedy', 'beef', 'camphor']"
61125,beta-Caryophyllene alcohol,"InChI=1S/C15H26O/c1-13(2)9-12-11(13)5-8-14(3)6-4-7-15(12,16)10-14/h11-12,16H,4-10H2,1-3H3",CC1(CC2C1CCC3(CCCC2(C3)O)C)C,0,0,0,0,0,0,1,"['warm', 'moss', 'earthy', 'woody', 'earth', 'spicy']"
61129,Sclareolide,"InChI=1S/C16H26O2/c1-14(2)7-5-8-15(3)11(14)6-9-16(4)12(15)10-13(17)18-16/h11-12H,5-10H2,1-4H3",CC1(CCCC2(C1CCC3(C2CC(=O)O3)C)C)C,0,0,0,0,0,0,1,"['ambergris', 'paper', 'woody', 'labdanum', 'dry']"
61155,2-Methoxyphenyl acetate,"InChI=1S/C9H10O3/c1-7(10)12-9-6-4-3-5-8(9)11-2/h3-6H,1-2H3",CC(=O)OC1=CC=CC=C1OC,0,0,0,0,0,0,1,"['powdery', 'spice', 'smoky', 'clove', 'walnut', 'sweet', 'woody', 'dry']"
61270,.alpha.-Campholenyl acetate,"InChI=1S/C12H20O2/c1-9-5-6-11(12(9,3)4)7-8-14-10(2)13/h5,11H,6-8H2,1-4H3",CC1=CCC(C1(C)C)CCOC(=O)C,0,0,0,0,0,0,1,"['jammy', 'ionone', 'sweet', 'woody', 'raspberry']"
61331,Guaiacyl phenylacetate,"InChI=1S/C15H14O3/c1-17-13-9-5-6-10-14(13)18-15(16)11-12-7-3-2-4-8-12/h2-10H,11H2,1H3",COC1=CC=CC=C1OC(=O)CC2=CC=CC=C2,0,0,0,0,1,0,1,"['powdery', 'spice', 'smoky', 'smoked', 'floral', 'woody', 'honey', 'balsam', 'sausage', 'heavy', 'phenolic']"
61384,2-Phenylethyl hexanoate,"InChI=1S/C14H20O2/c1-2-3-5-10-14(15)16-12-11-13-8-6-4-7-9-13/h4,6-9H,2-3,5,10-12H2,1H3",CCCCCC(=O)OCCC1=CC=CC=C1,0,0,0,0,1,1,1,"['pineapple', 'sweaty', 'waxy', 'banana', 'floral', 'woody', 'sweet', 'honey', 'green']"
61585,Celestolide,"InChI=1S/C17H24O/c1-11(18)14-9-12(16(2,3)4)10-15-13(14)7-8-17(15,5)6/h9-10H,7-8H2,1-6H3",CC(=O)C1=CC(=CC2=C1CCC2(C)C)C(C)(C)C,0,0,0,0,0,0,1,"['ambergris', 'animal', 'woody', 'musk', 'cedar']"
61663,13679-70-4,"InChI=1S/C6H6OS/c1-5-2-3-6(4-7)8-5/h2-4H,1H3",CC1=CC=C(S1)C=O,1,0,0,0,0,0,1,"['sulfur', 'acetophenone', 'sweet', 'woody', 'cherry', 'almond', 'furfural']"
61771,2-sec-Butylcyclohexanone,"InChI=1S/C10H18O/c1-3-8(2)9-6-4-5-7-10(9)11/h8-9H,3-7H2,1-2H3",CCC(C)C1CCCCC1=O,0,0,0,0,0,0,1,"['mint', 'vanilla', 'fresh', 'peppermint', 'musty', 'woody', 'minty', 'camphor']"
61953,Theaspirane,"InChI=1S/C13H22O/c1-10-6-5-8-12(3,4)13(10)9-7-11(2)14-13/h6,11H,5,7-9H2,1-4H3",CC1CCC2(O1)C(=CCCC2(C)C)C,0,0,0,1,0,1,1,"['tobacco', 'wet', 'metallic', 'herbal', 'woody', 'leaf', 'tea', 'spicy', 'green']"
62127,beta-Caryophyllene alcohol acetate,"InChI=1S/C17H28O2/c1-12(18)19-17-8-5-7-16(4,11-17)9-6-13-14(17)10-15(13,2)3/h13-14H,5-11H2,1-4H3",CC(=O)OC12CCCC(C1)(CCC3C2CC3(C)C)C,0,0,0,0,0,0,1,"['earthy', 'woody', 'dry']"
62240,Coniferan,"InChI=1S/C13H24O2/c1-5-13(3,4)11-8-6-7-9-12(11)15-10(2)14/h11-12H,5-9H2,1-4H3",CCC(C)(C)C1CCCCC1OC(=O)C,0,0,0,0,0,0,1,"['fir', 'jam', 'woody', 'sweet', 'balsam', 'raspberry']"
62374,1125-21-9,"InChI=1S/C9H12O2/c1-6-4-7(10)5-9(2,3)8(6)11/h4H,5H2,1-3H3",CC1=CC(=O)CC(C1=O)(C)C,0,0,0,0,0,0,1,"['tobacco', 'musty', 'woody', 'sweet', 'leaf', 'tea']"
62378,Dihydrojasmone,"InChI=1S/C11H18O/c1-3-4-5-6-10-9(2)7-8-11(10)12/h3-8H2,1-2H3",CCCCCC1=C(CCC1=O)C,0,0,0,1,0,0,1,"['spice', 'outdoor', 'jasmin', 'herbal', 'fresh', 'myrrh', 'woody']"
64685,Borneol,"InChI=1S/C10H18O/c1-9(2)7-4-5-10(9,3)8(11)6-7/h7-8,11H,4-6H2,1-3H3",CC1(C2CCC1(C(C2)O)C)C,0,0,0,0,0,0,1,"['woody', 'pine', 'camphor']"
65575,Cedrol,"InChI=1S/C15H26O/c1-10-5-6-11-13(2,3)12-9-15(10,11)8-7-14(12,4)16/h10-12,16H,5-9H2,1-4H3/t10-,11+,12-,14-,15+/m1/s1",CC1CCC2C13CCC(C(C3)C2(C)C)(C)O,0,0,0,0,0,0,1,"['soft', 'cedarwood', 'sweet', 'woody', 'dry']"
68316,Perillen,"InChI=1S/C10H14O/c1-9(2)4-3-5-10-6-7-11-8-10/h4,6-8H,3,5H2,1-2H3",CC(=CCCC1=COC=C1)C,0,0,0,0,0,0,1,"['wood', 'woody']"
78199,Ethyl (methylthio)acetate,"InChI=1S/C5H10O2S/c1-3-7-5(6)4-8-2/h3-4H2,1-2H3",CCOC(=O)CSC,0,0,1,0,1,1,1,"['citrus', 'apricot', 'wine_like', 'vegetable', 'fatty', 'floral', 'earthy', 'woody', 'fruity', 'herbaceous', 'nutty', 'meaty', 'spicy', 'green']"
82229,l-alpha-Fenchone,"InChI=1S/C10H16O/c1-9(2)7-4-5-10(3,6-7)8(9)11/h7H,4-6H2,1-3H3/t7-,10+/m0/s1",CC1(C2CCC(C2)(C1=O)C)C,0,0,0,1,0,0,1,"['earthy', 'woody', 'herbal', 'camphor']"
86748,"3,7-Dimethyl-1-octen-3-ol","InChI=1S/C10H20O/c1-5-10(4,11)8-6-7-9(2)3/h5,9,11H,1,6-8H2,2-4H3",CC(C)CCCC(C)(C=C)O,0,0,0,0,0,0,1,"['wood', 'citrus', 'woody', 'camphor']"
89306,2-Bornyl propionate,"InChI=1S/C13H22O2/c1-5-11(14)15-10-8-9-6-7-13(10,4)12(9,2)3/h9-10H,5-8H2,1-4H3",CCC(=O)OC1CC2CCC1(C2(C)C)C,0,0,1,0,0,0,1,"['turpentine', 'fruit', 'woody', 'pungent', 'lavender', 'pine', 'camphor']"
89316,"Cyclohexene, 4-ethenyl-4-methyl-3-(1-methylethenyl)-1-(1-methylethyl)-, (3R-trans)-","InChI=1S/C15H24/c1-7-15(6)9-8-13(11(2)3)10-14(15)12(4)5/h7,10-11,14H,1,4,8-9H2,2-3,5-6H3",CC(C)C1=CC(C(CC1)(C)C=C)C(=C)C,0,0,0,0,0,0,1,"['wood', 'woody']"
91354,Aromadendrene,"InChI=1S/C15H24/c1-9-6-8-12-14(15(12,3)4)13-10(2)5-7-11(9)13/h10-14H,1,5-8H2,2-4H3",CC1CCC2C1C3C(C3(C)C)CCC2=C,0,0,0,0,0,0,1,"['wood', 'woody']"
91457,beta-Eudesmol,"InChI=1S/C15H26O/c1-11-6-5-8-15(4)9-7-12(10-13(11)15)14(2,3)16/h12-13,16H,1,5-10H2,2-4H3/t12-,13+,15-/m1/s1",CC12CCCC(=C)C1CC(CC2)C(C)(C)O,0,0,0,0,0,1,1,"['wood', 'green']"
92116,"(4R,4aR)-1,1,4,7-tetramethyl-1a,2,3,4,4a,5,6,7b-octahydrocyclopropa[e]azulene","InChI=1S/C15H24/c1-9-6-8-12-14(15(12,3)4)13-10(2)5-7-11(9)13/h9,11-12,14H,5-8H2,1-4H3/t9-,11-,12?,14?/m1/s1",CC1CCC2C(C2(C)C)C3=C(CCC13)C,0,0,0,0,0,0,1,"['balsam', 'wood', 'balsamic']"
92138,Elemol,"InChI=1S/C15H26O/c1-7-15(6)9-8-12(14(4,5)16)10-13(15)11(2)3/h7,12-13,16H,1-2,8-10H2,3-6H3/t12-,13+,15-/m1/s1",CC(=C)C1CC(CCC1(C)C=C)C(C)(C)O,0,0,0,0,0,1,1,"['sweet', 'wood', 'woody', 'green']"
92221,(+)-Camphene,"InChI=1S/C10H16/c1-7-8-4-5-9(6-8)10(7,2)3/h8-9H,1,4-6H2,2-3H3/t8-,9+/m0/s1",CC1(C2CCC(C2)C1=C)C,0,0,0,1,0,0,1,"['fir', 'herbal', 'fresh', 'woody', 'camphor']"
92780,Crypton,"InChI=1S/C9H14O/c1-7(2)8-3-5-9(10)6-4-8/h3,5,7-8H,4,6H2,1-2H3",CC(C)C1CCC(=O)C=C1,0,0,0,1,0,0,1,"['spice', 'herbal', 'caraway', 'woody', 'cumin']"
94164,Santalene,"InChI=1S/C15H24/c1-10(2)6-5-7-14(3)11-8-12-13(9-11)15(12,14)4/h6,11-13H,5,7-9H2,1-4H3",CC(=CCCC1(C2CC3C1(C3C2)C)C)C,0,0,0,0,0,0,1,['woody']
94579,Isopulegol acetate,"InChI=1S/C12H20O2/c1-8(2)11-6-5-9(3)7-12(11)14-10(4)13/h9,11-12H,1,5-7H2,2-4H3/t9-,11+,12-/m1/s1",CC1CCC(C(C1)OC(=O)C)C(=C)C,0,0,0,0,0,0,1,"['mint', 'peppermint', 'sweet', 'woody', 'tropical', 'leaf']"
97897,Bornyl butyrate,"InChI=1S/C14H24O2/c1-5-6-12(15)16-11-9-10-7-8-14(11,4)13(10,2)3/h10-11H,5-9H2,1-4H3",CCCC(=O)OC1CC2CCC1(C2(C)C)C,0,0,0,1,0,0,1,"['wood', 'woody', 'herbal', 'herb']"
98497,Campholenic aldehyde,"InChI=1S/C10H16O/c1-8-4-5-9(6-7-11)10(8,2)3/h4,7,9H,5-6H2,1-3H3",CC1=CCC(C1(C)C)CC=O,0,0,0,1,0,1,1,"['leafy', 'amber', 'herbal', 'woody', 'green']"
101150,1423-46-7,"InChI=1S/C10H16O/c1-7-4-8(2)10(6-11)9(3)5-7/h4,6,8-10H,5H2,1-3H3",CC1CC(=CC(C1C=O)C)C,0,0,0,1,0,1,1,"['herbal', 'earthy', 'woody', 'leaf', 'aldehydic', 'green']"
102604,Citronellylacetone,"InChI=1S/C13H24O/c1-11(2)7-5-8-12(3)9-6-10-13(4)14/h7,12H,5-6,8-10H2,1-4H3",CC(CCCC(=O)C)CCC=C(C)C,0,0,0,0,1,0,1,"['rose', 'floral', 'sweet', 'woody', 'balsam']"
102611,6-methyl-2-(oxiran-2-yl)hept-5-en-2-ol,"InChI=1S/C10H18O2/c1-8(2)5-4-6-10(3,11)9-7-12-9/h5,9,11H,4,6-7H2,1-3H3",CC(=CCCC(C)(C1CO1)O)C,0,0,0,1,1,1,1,"['herbal', 'floral', 'earthy', 'wood', 'flower', 'green']"
102667,Pinocarveol,"InChI=1S/C10H16O/c1-6-8-4-7(5-9(6)11)10(8,2)3/h7-9,11H,1,4-5H2,2-3H3",CC1(C2CC1C(=C)C(C2)O)C,0,0,0,1,0,0,1,"['herbal', 'woody', 'balsam', 'pine', 'camphor']"
103005,3407-42-9,"InChI=1S/C16H28O/c1-10-14-8-12(16(10,2)3)9-15(14)11-5-4-6-13(17)7-11/h10-15,17H,4-9H2,1-3H3",CC1C2CC(C1(C)C)CC2C3CCCC(C3)O,0,0,0,0,0,0,1,"['woody', 'sweet', 'sandalwood', 'clean']"
106766,67674-46-8,"InChI=1S/C11H22O2/c1-9(2)7-8-11(3,4)10(12-5)13-6/h7,10H,8H2,1-6H3",CC(=CCC(C)(C)C(OC)OC)C,0,0,0,0,0,1,1,"['grapefruit peel', 'citrus', 'fresh', 'woody', 'soapy', 'violet', 'green']"
107152,"Azulene, 1,2,3,4,5,6,7,8-octahydro-1,4-dimethyl-7-(1-methylethenyl)-, (1S,4S,7R)-","InChI=1S/C15H24/c1-10(2)13-7-5-11(3)14-8-6-12(4)15(14)9-13/h11-13H,1,5-9H2,2-4H3",CC1CCC(CC2=C1CCC2C)C(=C)C,0,0,0,0,0,0,1,"['peppery', 'balsamic', 'sweet', 'woody', 'balsam', 'wood']"
110801,Bornyl Valerate,"InChI=1S/C15H26O2/c1-5-6-7-13(16)17-12-10-11-8-9-15(12,4)14(11,2)3/h11-12H,5-10H2,1-4H3",CCCCC(=O)OC1CC2CCC1(C2(C)C)C,0,0,0,0,0,0,1,"['berry', 'spice', 'vanilla', 'sawdust', 'woody', 'camphor', 'oak', 'seedy']"
118134,Decatone,"InChI=1S/C13H22O/c1-9(2)10-3-4-12-8-13(14)6-5-11(12)7-10/h9-12H,3-8H2,1-2H3",CC(C)C1CCC2CC(=O)CCC2C1,0,0,0,0,0,1,1,"['gardenia', 'green', 'vetiver', 'woody', 'rhubarb', 'grapefruit']"
119831,Cedr-8(15)-en-9-ol,"InChI=1S/C15H24O/c1-9-5-6-13-14(3,4)11-7-15(9,13)8-12(16)10(11)2/h9,11-13,16H,2,5-8H2,1,3-4H3",CC1CCC2C13CC(C2(C)C)C(=C)C(C3)O,0,0,1,0,0,0,1,"['soft', 'cedarwood', 'fruit', 'woody', 'sweet']"
119900,valofin,"InChI=1S/C15H28O2/c1-10(2)8-15(16)17-14-9-12(5)6-7-13(14)11(3)4/h10-14H,6-9H2,1-5H3/t12-,13+,14-/m1/s1",CC1CCC(C(C1)OC(=O)CC(C)C)C(C)C,0,1,1,0,0,0,1,"['cooling', 'bitter', 'woody', 'sweet', 'fruity']"
125468,Tiglic Acid,"InChI=1S/C5H8O2/c1-3-4(2)5(6)7/h3H,1-2H3,(H,6,7)/b4-3+",CC=C(C)C(=O)O,0,0,0,0,0,0,1,"['caramel', 'sweet', 'woody', 'spicy', 'dry']"
135191,D-Xylose,"InChI=1S/C5H10O5/c6-2-1-10-5(9)4(8)3(2)7/h2-9H,1H2/t2-,3+,4-,5?/m1/s1",C1C(C(C(C(O1)O)O)O)O,0,0,0,0,0,0,1,"['woody', 'smoky', 'caramel', 'sweet']"
159055,D-Camphor,"InChI=1S/C10H16O/c1-9(2)7-4-5-10(9,3)8(11)6-7/h7H,4-6H2,1-3H3/t7-,10+/m1/s1",CC1(C2CCC1(C(=O)C2)C)C,0,1,0,1,0,0,1,"['phenolic', 'minty', 'camphor', 'medicinal', 'herbal', 'woody', 'bitter']"
170833,Isopulegol,"InChI=1S/C10H18O/c1-7(2)9-5-4-8(3)6-10(9)11/h8-11H,1,4-6H2,2-3H3/t8-,9+,10-/m1/s1",CC1CCC(C(C1)O)C(=C)C,0,0,0,0,0,0,1,"['cooling', 'minty', 'woody', 'medicinal']"
170977,1-Decen-3-ol,"InChI=1S/C10H20O/c1-3-5-6-7-8-9-10(11)4-2/h4,10-11H,2-3,5-9H2,1H3",CCCCCCCC(C=C)O,0,0,1,0,1,1,1,"['citrus', 'wine_like', 'vegetable', 'green', 'waxy', 'fatty', 'floral', 'earthy', 'woody', 'fungal', 'fruity', 'herbaceous', 'nutty', 'mushroom', 'meaty', 'spicy', 'cheese']"
176983,"p-Mentha-1,3,8-triene","InChI=1S/C10H14/c1-8(2)10-6-4-9(3)5-7-10/h4,6H,1,5,7H2,2-3H3",CC1=CC=C(CC1)C(=C)C,0,0,0,1,0,0,1,"['woody', 'herbal', 'turpentine', 'camphor']"
219672,4-Methyl-1-phenylpentan-2-one,"InChI=1S/C12H16O/c1-10(2)8-12(13)9-11-6-4-3-5-7-11/h3-7,10H,8-9H2,1-2H3",CC(C)CC(=O)CC1=CC=CC=C1,0,0,0,0,0,0,1,"['sweet', 'woody', 'spice']"
227829,Guaiol,"InChI=1S/C15H26O/c1-10-5-7-12(15(3,4)16)9-14-11(2)6-8-13(10)14/h10-12,16H,5-9H2,1-4H3/t10-,11-,12+/m0/s1",CC1CCC(CC2=C1CCC2C)C(C)(C)O,0,0,0,0,0,0,1,"['balsamic', 'mild', 'rose', 'wood', 'tea', 'guaiacwood']"
240121,Cedran-8-yl acetate,"InChI=1S/C17H28O2/c1-11-6-7-13-15(3,4)14-10-17(11,13)9-8-16(14,5)19-12(2)18/h11,13-14H,6-10H2,1-5H3",CC1CCC2C13CCC(C(C3)C2(C)C)(C)OC(=O)C,0,0,0,0,0,0,1,"['woody', 'cedar', 'sharp', 'dry']"
240925,"2,6-Dimethoxy-4-methylphenol","InChI=1S/C9H12O3/c1-6-4-7(11-2)9(10)8(5-6)12-3/h4-5,10H,1-3H3",CC1=CC(=C(C(=C1)OC)O)OC,0,0,0,0,0,0,1,"['caramel', 'spice', 'woody', 'root', 'phenolic', 'eugenol', 'medicinal', 'smoke']"
247573,Isobornyl acetate,"InChI=1S/C12H20O2/c1-8(13)14-10-7-9-5-6-12(10,4)11(9,2)3/h9-10H,5-7H2,1-4H3/t9-,10+,12-/m1/s1",CC(=O)OC1CC2CCC1(C2(C)C)C,0,0,0,1,0,0,1,"['herbal', 'sweet', 'woody', 'balsam', 'camphor']"
288227,Valencen,"InChI=1S/C15H24/c1-11(2)13-8-9-14-7-5-6-12(3)15(14,4)10-13/h7,12-13H,1,5-6,8-10H2,2-4H3",CC1CCC=C2C1(CC(CC2)C(=C)C)C,0,0,0,0,0,1,1,"['oil', 'citrus', 'orange', 'asprin', 'grapefruit', 'fresh', 'oily', 'dry', 'sweet', 'woody', 'green']"
289151,Longifolene,"InChI=1S/C15H24/c1-10-11-6-7-12-13(11)14(2,3)8-5-9-15(10,12)4/h11-13H,1,5-9H2,2-4H3",CC1(CCCC2(C3C1C(C2=C)CC3)C)C,0,0,0,0,0,0,1,"['rose', 'medical', 'fir needle', 'sweet', 'woody']"
324224,.beta.-Bourbonene,"InChI=1S/C15H24/c1-9(2)11-7-8-15(4)12-6-5-10(3)13(12)14(11)15/h9,11-14H,3,5-8H2,1-2,4H3",CC(C)C1CCC2(C1C3C2CCC3=C)C,0,0,0,1,0,0,1,"['woody', 'herbal', 'herb']"
346286,1-Phenylethyl formate,"InChI=1S/C9H10O2/c1-8(11-7-10)9-5-3-2-4-6-9/h2-8H,1H3",CC(C1=CC=CC=C1)OC=O,0,0,0,0,1,1,1,"['gardenia', 'floral', 'woody', 'mimosa', 'green']"
440967,(-)-beta-Pinene,"InChI=1S/C10H16/c1-7-4-5-8-6-9(7)10(8,2)3/h8-9H,1,4-6H2,2-3H3/t8-,9-/m0/s1",CC1(C2CCC(=C)C1C2)C,0,0,0,0,0,1,1,"['resinous', 'fresh', 'green', 'hay', 'woody', 'pine', 'dry']"
441005,(+)-delta-Cadinene,"InChI=1S/C15H24/c1-10(2)13-8-6-12(4)14-7-5-11(3)9-15(13)14/h9-10,13,15H,5-8H2,1-4H3/t13-,15-/m0/s1",CC1=CC2C(CCC(=C2CC1)C)C(C)C,0,0,0,1,0,0,1,"['herbal', 'woody', 'thyme', 'wood', 'medicine', 'dry']"
442355,AC1L9CNW,"InChI=1S/C15H24/c1-9(2)11-7-8-15(4)12-6-5-10(3)14(15)13(11)12/h5,9,11-14H,6-8H2,1-4H3/t11?,12?,13?,14?,15-/m1/s1",CC1=CCC2C3C1C2(CCC3C(C)C)C,0,0,0,0,0,0,1,"['wood', 'woody', 'spice']"
442501,(+)-alpha-Terpineol,"InChI=1S/C10H18O/c1-8-4-6-9(7-5-8)10(2,3)11/h4,9,11H,5-7H2,1-3H3/t9-/m0/s1",CC1=CCC(CC1)C(C)(C)O,0,0,0,0,1,0,1,"['oil', 'mint', 'citrus', 'lilac', 'floral', 'woody', 'anise', 'terpene', 'pine']"
443158,(-)-Linalool,"InChI=1S/C10H18O/c1-5-10(4,11)8-6-7-9(2)3/h5,7,11H,1,6,8H2,2-4H3/t10-/m0/s1",CC(=CCCC(C)(C=C)O)C,0,0,0,0,1,0,1,"['fresh', 'floral', 'woody', 'natural', 'lavender', 'deep']"
518472,Bornyl formate,"InChI=1S/C11H18O2/c1-10(2)8-4-5-11(10,3)9(6-8)13-7-12/h7-9H,4-6H2,1-3H3",CC1(C2CCC1(C(C2)OC=O)C)C,0,0,0,1,0,1,1,"['herbal', 'medical', 'green', 'earthy', 'musty', 'woody', 'earth', 'balsam', 'pine', 'camphor']"
519382,Dihydro-beta-ionone,"InChI=1S/C13H22O/c1-10-6-5-9-13(3,4)12(10)8-7-11(2)14/h5-9H2,1-4H3",CC1=C(C(CCC1)(C)C)CCC(=O)C,0,0,0,0,0,0,1,"['amber', 'mahogany', 'earthy', 'woody', 'orris', 'dry']"
519662,l-.alpha.-Cadinol,"InChI=1S/C15H26O/c1-10(2)12-7-8-15(4,16)14-6-5-11(3)9-13(12)14/h9-10,12-14,16H,5-8H2,1-4H3",CC1=CC2C(CCC(C2CC1)(C)O)C(C)C,0,0,0,0,0,0,1,"['wood', 'herb']"
519709,Ethyl 2-mercaptopropionate,"InChI=1S/C5H10O2S/c1-3-7-5(6)4(2)8/h4,8H,3H2,1-2H3",CCOC(=O)C(C)S,0,0,1,0,0,1,1,"['sulfur', 'citrus', 'wine_like', 'vegetable', 'sulfury', 'grape', 'fatty', 'floral', 'earthy', 'woody', 'fruity', 'herbaceous', 'nutty', 'meaty', 'spicy', 'green']"
519764,.beta.-Sesquiphellandrene,"InChI=1S/C15H24/c1-12(2)6-5-7-14(4)15-10-8-13(3)9-11-15/h6,8,10,14-15H,3,5,7,9,11H2,1-2,4H3",CC(CCC=C(C)C)C1CCC(=C)C=C1,0,0,1,1,0,0,1,"['wood', 'woody', 'herbal', 'fruity']"
519845,Methyl 3-hydroxyhexanoate,"InChI=1S/C7H14O3/c1-3-4-6(8)5-7(9)10-2/h6,8H,3-5H2,1-2H3",CCCC(CC(=O)OC)O,0,0,1,0,0,0,1,"['pineapple', 'ripe', 'oily', 'sweet', 'woody', 'fruity', 'juicy']"
521185,"4,8-Methanoazulen-9-ol, decahydro-2,2,4,8-tetramethyl-, stereoisomer","InChI=1S/C15H26O/c1-13(2)8-10-11(9-13)15(4)7-5-6-14(10,3)12(15)16/h10-12,16H,5-9H2,1-4H3",CC1(CC2C(C1)C3(CCCC2(C3O)C)C)C,0,0,0,0,0,0,1,"['spicy', 'earthy', 'woody', 'earth']"
521332,STK020088,"InChI=1S/C20H36O2/c1-7-18(4,21)13-9-16-19(5)12-8-11-17(2,3)15(19)10-14-20(16,6)22/h7,15-16,21-22H,1,8-14H2,2-6H3",CC1(CCCC2(C1CCC(C2CCC(C)(C=C)O)(C)O)C)C,0,0,0,0,0,0,1,"['amber', 'clary', 'sweet', 'woody', 'balsam', 'weedy']"
521334,gamma-Selinene,"InChI=1S/C15H24/c1-11(2)13-7-9-15(4)8-5-6-12(3)14(15)10-13/h14H,3,5-10H2,1-2,4H3",CC(=C1CCC2(CCCC(=C)C2C1)C)C,0,0,0,0,0,0,1,"['wood', 'woody']"
521380,"Naphthalene, 1,2,4a,5,8,8a-hexahydro-4,7-dimethyl-1-(1-methylethyl)-","InChI=1S/C15H24/c1-10(2)13-8-6-12(4)14-7-5-11(3)9-15(13)14/h5-6,10,13-15H,7-9H2,1-4H3",CC1=CCC2C(C1)C(CC=C2C)C(C)C,0,0,0,0,0,1,1,"['woody', 'green']"
528708,.alpha.-Calacorene,"InChI=1S/C15H20/c1-10(2)13-8-6-12(4)14-7-5-11(3)9-15(13)14/h5-7,9-10,13H,8H2,1-4H3",CC1=CCC(C2=C1C=CC(=C2)C)C(C)C,0,0,0,0,0,0,1,"['wood', 'woody']"
549546,91418-25-6,"InChI=1S/C13H22O2/c1-10(2)7-6-8-11(3)9-12(4)15-13(5)14/h7,9,12H,6,8H2,1-5H3",CC(C=C(C)CCC=C(C)C)OC(=O)C,0,0,0,0,0,0,1,"['earthy', 'citrus', 'woody', 'lemon rind']"
551084,4883-60-7,"InChI=1S/C9H14O2/c1-6-4-9(2,3)5-7(10)8(6)11/h11H,4-5H2,1-3H3",CC1=C(C(=O)CC(C1)(C)C)O,0,0,0,0,0,0,1,"['tobacco', 'powdery', 'phenolic', 'woody', 'clean', 'nutty', 'spicy', 'dry']"
560109,"2-Heptyl-4-methyl-1,3-dioxolane","InChI=1S/C11H22O2/c1-3-4-5-6-7-8-11-12-9-10(2)13-11/h10-11H,3-9H2,1-2H3",CCCCCCCC1OCC(O1)C,0,0,0,0,0,1,1,"['woody', 'green']"
579336,Dihydro-beta-ionol,"InChI=1S/C13H24O/c1-10-6-5-9-13(3,4)12(10)8-7-11(2)14/h11,14H,5-9H2,1-4H3",CC1=C(C(CCC1)(C)C)CCC(C)O,0,0,0,0,1,0,1,"['floral', 'woody', 'amber']"
595928,"4-Methyl-2-phenyl-1,3-dioxolane","InChI=1S/C10H12O2/c1-8-7-11-10(12-8)9-5-3-2-4-6-9/h2-6,8,10H,7H2,1H3",CC1COC(O1)C2=CC=CC=C2,0,1,0,0,0,0,1,"['naphthalic', 'bitter', 'narcissus', 'sweet', 'woody']"
638014,Beta-Ionone,"InChI=1S/C13H20O/c1-10-6-5-9-13(3,4)12(10)8-7-11(2)14/h7-8H,5-6,9H2,1-4H3/b8-7+",CC1=C(C(CCC1)(C)C)C=CC(=O)C,0,0,0,0,1,0,1,"['violet', 'orange', 'powdery', 'jam', 'seaweed', 'floral', 'woody', 'orris', 'raspberry', 'flower', 'dry']"
641298,2-Methoxycinnamaldehyde,"InChI=1S/C10H10O2/c1-12-10-7-3-2-5-9(10)6-4-8-11/h2-8H,1H3/b6-4+",COC1=CC=CC=C1C=CC=O,0,0,0,0,0,0,1,"['oily', 'paper', 'sweet', 'woody', 'cassia', 'cinnamon']"
853433,Isoeugenol,"InChI=1S/C10H12O2/c1-3-4-8-5-6-9(11)10(7-8)12-2/h3-7,11H,1-2H3/b4-3+",CC=CC1=CC(=C(C=C1)O)OC,0,0,0,0,1,0,1,"['carnation', 'clove', 'floral', 'sweet', 'woody', 'flower', 'spicy', 'phenolic']"
1201518,(-)-Borneol,"InChI=1S/C10H18O/c1-9(2)7-4-5-10(9,3)8(11)6-7/h7-8,11H,4-6H2,1-3H3/t7-,8+,10+/m0/s1",CC1(C2CCC1(C(C2)O)C)C,0,0,0,0,0,0,1,"['woody', 'pine', 'camphor']"
1201530,(-)-trans-Pinocarveol,"InChI=1S/C10H16O/c1-6-8-4-7(5-9(6)11)10(8,2)3/h7-9,11H,1,4-5H2,2-3H3/t7-,8+,9+/m0/s1",CC1(C2CC1C(=C)C(C2)O)C,0,0,0,0,0,0,1,"['woody', 'fennel', 'balsamic', 'warm']"
1549018,cis-Jasmone,"InChI=1S/C11H16O/c1-3-4-5-6-10-9(2)7-8-11(10)12/h4-5H,3,6-8H2,1-2H3/b5-4-",CCC=CCC1=C(CCC1=O)C,0,0,0,1,1,0,1,"['jasmine', 'jasmin', 'herbal', 'floral', 'woody', 'celery', 'spicy']"
1713001,Nerylacetone,"InChI=1S/C13H22O/c1-11(2)7-5-8-12(3)9-6-10-13(4)14/h7,9H,5-6,8,10H2,1-4H3/b12-9-",CC(=CCCC(=CCCC(=O)C)C)C,0,0,1,0,1,1,1,"['magnolia', 'citrus', 'wine_like', 'rose', 'vegetable', 'fresh', 'waxy', 'fatty', 'floral', 'earthy', 'woody', 'fruity', 'tropical', 'herbaceous', 'nutty', 'meaty', 'spicy', 'green']"
1715056,AC1LVZMB,InChI=1S/C7H6O2/c8-5-1-3-7-4-2-6-9-7/h1-6H/b3-1-,C1=COC(=C1)C=CC=O,0,0,1,0,0,1,1,"['vanilla', 'woody', 'fruity', 'cinnamon', 'nutty', 'grassy', 'spicy', 'green']"
1742211,Caryophyllene oxide,"InChI=1S/C15H24O/c1-10-5-6-13-15(4,16-13)8-7-12-11(10)9-14(12,2)3/h11-13H,1,5-9H2,2-4H3/t11-,12-,13+,15-/m1/s1",CC1(CC2C1CCC3(C(O3)CCC2=C)C)C,0,0,0,0,0,0,1,"['spicy', 'spice', 'fresh', 'sweet', 'woody', 'herb', 'dry']"
3085365,Vetivenol,"InChI=1S/C15H24O/c1-10(2)13-5-6-15(9-13)11(3)7-14(16)8-12(15)4/h7,12,14,16H,5-6,8-9H2,1-4H3/t12-,14?,15+/m1/s1",CC1CC(C=C(C12CCC(=C(C)C)C2)C)O,0,0,0,0,0,0,1,"['sandalwood', 'root', 'sweet', 'woody', 'balsam']"
5275520,Geranic Acid,"InChI=1S/C10H16O2/c1-8(2)5-4-6-9(3)7-10(11)12/h5,7H,4,6H2,1-3H3,(H,11,12)/b9-7+",CC(=CCCC(=CC(=O)O)C)C,0,0,0,0,0,1,1,"['lemon', 'moldy', 'feet', 'acidic', 'dry', 'woody', 'weedy', 'green']"
5275726,5-hydroxy-1-(4-hydroxy-3-methoxyphenyl)tetradecan-3-one,"InChI=1S/C21H34O4/c1-3-4-5-6-7-8-9-10-18(22)16-19(23)13-11-17-12-14-20(24)21(15-17)25-2/h12,14-15,18,22,24H,3-11,13,16H2,1-2H3",CCCCCCCCCC(CC(=O)CCC1=CC(=C(C=C1)O)OC)O,0,0,0,0,0,0,1,"['woody', 'musk']"
5281515,Beta-Caryophyllene,"InChI=1S/C15H24/c1-11-6-5-7-12(2)13-10-15(3,4)14(13)9-8-11/h6,13-14H,2,5,7-10H2,1,3-4H3/b11-6+/t13-,14-/m1/s1",CC1=CCCC(=C)C2CC(C2CC1)(C)C,0,0,0,0,0,0,1,"['spice', 'clove', 'sweet', 'woody', 'wood', 'dry']"
5281516,alpha-Farnesene,"InChI=1S/C15H24/c1-6-14(4)10-8-12-15(5)11-7-9-13(2)3/h6,9-10,12H,1,7-8,11H2,2-5H3/b14-10+,15-12+",CC(=CCCC(=CCC=C(C)C=C)C)C,0,0,0,1,0,1,1,"['citrus', 'lime', 'neroli', 'herbal', 'myrrh', 'sweet', 'bergamot', 'wood', 'lavender', 'green']"
5281531,Alpha-Santalol,"InChI=1S/C15H24O/c1-10(9-16)5-4-6-14(2)11-7-12-13(8-11)15(12,14)3/h5,11-13,16H,4,6-9H2,1-3H3/b10-5-",CC(=CCCC1(C2CC3C1(C3C2)C)C)CO,0,0,0,0,0,0,1,"['woody', 'sandalwood']"
5281553,Ocimene,"InChI=1S/C10H16/c1-5-10(4)8-6-7-9(2)3/h5,7-8H,1,6H2,2-4H3/b10-8+",CC(=CCC=C(C)C=C)C,0,0,0,1,0,1,1,"['citrus', 'herbal', 'sweet', 'woody', 'tropical', 'terpene', 'herb', 'green']"
5282108,Alpha-Ionone,"InChI=1S/C13H20O/c1-10-6-5-9-13(3,4)12(10)8-7-11(2)14/h6-8,12H,5,9H2,1-4H3/b8-7+",CC1=CCCC(C1C=CC(=O)C)(C)C,0,0,1,0,1,0,1,"['floral', 'sweet', 'woody', 'tropical', 'fruity', 'wood', 'orris', 'raspberry', 'violet']"
5284507,Nerolidol,"InChI=1S/C15H26O/c1-6-15(5,16)12-8-11-14(4)10-7-9-13(2)3/h6,9,11,16H,1,7-8,10,12H2,2-5H3/b14-11+",CC(=CCCC(=CCCC(C)(C=C)O)C)C,0,0,0,0,1,1,1,"['citrus', 'wax', 'waxy', 'floral', 'woody', 'wood', 'flower', 'green']"
5317319,beta-cis-farnesene,"InChI=1S/C15H24/c1-6-14(4)10-8-12-15(5)11-7-9-13(2)3/h6,9,12H,1,4,7-8,10-11H2,2-3,5H3/b15-12-",CC(=CCCC(=CCCC(=C)C=C)C)C,0,0,0,0,0,0,1,"['wood', 'citrus', 'sweet', 'woody']"
5317570,(-)-Germacrene D,"InChI=1S/C15H24/c1-12(2)15-10-8-13(3)6-5-7-14(4)9-11-15/h7-8,10,12,15H,3,5-6,9,11H2,1-2,4H3/b10-8+,14-7+/t15-/m0/s1",CC1=CCCC(=C)C=CC(CC1)C(C)C,0,0,0,0,0,0,1,"['wood', 'woody', 'spice']"
5322111,Caryophyllene,"InChI=1S/C15H24/c1-11-6-5-7-12(2)13-10-15(3,4)14(13)9-8-11/h6,13-14H,2,5,7-10H2,1,3-4H3/b11-6-",CC1=CCCC(=C)C2CC(C2CC1)(C)C,0,0,0,0,0,0,1,"['wood', 'woody', 'spicy']"
5352140,.beta.-Santanol acetate,"InChI=1S/C17H26O2/c1-12(11-19-14(3)18)6-5-9-17(4)13(2)15-7-8-16(17)10-15/h6,15-16H,2,5,7-11H2,1,3-4H3/b12-6+",CC(=CCCC1(C2CCC(C2)C1=C)C)COC(=O)C,0,0,0,0,0,0,1,"['powdery', 'bitter', 'floral', 'cashew', 'woody', 'nutty', 'orris']"
5352481,"5,6-Epoxy-beta-ionone","InChI=1S/C13H20O2/c1-10(14)6-9-13-11(2,3)7-5-8-12(13,4)15-13/h6,9H,5,7-8H2,1-4H3/b9-6+",CC(=O)C=CC12C(CCCC1(O2)C)(C)C,0,0,1,0,0,0,1,"['berry', 'powdery', 'fruit', 'sweet', 'woody', 'fruity', 'wood', 'orris', 'violet']"
5354280,Vanitrope,"InChI=1S/C11H14O2/c1-3-5-9-6-7-11(13-4-2)10(12)8-9/h3,5-8,12H,4H2,1-2H3/b5-3+",CCOC1=C(C=C(C=C1)C=CC)O,0,0,0,0,0,0,1,"['tobacco', 'powdery', 'vanilla', 'sweet', 'woody', 'spicy', 'phenolic']"
5354998,(Z)-4-Methyl-2-pentenal,"InChI=1S/C6H10O/c1-6(2)4-3-5-7/h3-6H,1-2H3/b4-3-",CC(C)C=CC=O,0,0,0,0,0,1,1,"['apple', 'woody', 'aldehydic', 'cognac', 'green']"
5363233,3-Decen-2-one,"InChI=1S/C10H18O/c1-3-4-5-6-7-8-9-10(2)11/h8-9H,3-7H2,1-2H3/b9-8+",CCCCCCC=CC(=O)C,0,0,1,0,1,1,1,"['citrus', 'apple', 'jasmine', 'wine_like', 'jasmin', 'vegetable', 'fatty', 'floral', 'earthy', 'woody', 'fruity', 'nutty', 'herbaceous', 'pear', 'meaty', 'spicy', 'green']"
5363426,Nerolidyl acetate,"InChI=1S/C17H28O2/c1-7-17(6,19-16(5)18)13-9-12-15(4)11-8-10-14(2)3/h7,10,12H,1,8-9,11,13H2,2-6H3/b15-12+",CC(=CCCC(=CCCC(C)(C=C)OC(=O)C)C)C,0,0,0,0,0,0,1,"['citrus', 'freesia', 'waxy', 'fresh', 'sweet', 'woody']"
5363741,gamma-Ionone,"InChI=1S/C13H20O/c1-10-6-5-9-13(3,4)12(10)8-7-11(2)14/h7-8,12H,1,5-6,9H2,2-4H3/b8-7+",CC(=O)C=CC1C(=C)CCCC1(C)C,0,0,0,0,1,0,1,"['floral', 'woody']"
5363817,alpha-Ionol,"InChI=1S/C13H22O/c1-10-6-5-9-13(3,4)12(10)8-7-11(2)14/h6-8,11-12,14H,5,9H2,1-4H3/b8-7+",CC1=CCCC(C1C=CC(C)O)(C)C,0,0,0,0,1,0,1,"['ionone', 'floral', 'sweet', 'woody', 'tropical', 'violet']"
5363876,27185-77-9,"InChI=1S/C13H18O2/c1-9(14)5-6-11-10(2)12(15)7-8-13(11,3)4/h5-6H,7-8H2,1-4H3/b6-5+",CC1=C(C(CCC1=O)(C)C)C=CC(=O)C,0,0,0,0,0,0,1,"['wood', 'woody']"
5365818,"4,8-Dimethyl-3,7-nonadien-2-ol","InChI=1S/C11H20O/c1-9(2)6-5-7-10(3)8-11(4)12/h6,8,11-12H,5,7H2,1-4H3/b10-8+",CC(C=C(C)CCC=C(C)C)O,0,0,0,0,0,0,1,"['lemon', 'citronellol', 'lime', 'woody', 'pine']"
5365976,Allyl ionone,"InChI=1S/C16H24O/c1-5-6-9-14(17)10-11-15-13(2)8-7-12-16(15,3)4/h5,8,10-11,15H,1,6-7,9,12H2,2-4H3/b11-10+",CC1=CCCC(C1C=CC(=O)CCC=C)(C)C,0,0,0,0,1,1,1,"['weedy', 'leather', 'waxy', 'floral', 'woody', 'tropical', 'orris', 'green']"
5367807,Angelic Acid Isobutyl Ester,"InChI=1S/C9H16O2/c1-5-8(4)9(10)11-6-7(2)3/h5,7H,6H2,1-4H3/b8-5-",CC=C(C)C(=O)OCC(C)C,0,0,0,1,0,1,1,"['cooling', 'herbal', 'caraway', 'woody', 'sweet', 'celery', 'spicy', 'green']"
5371002,alpha-Irone,"InChI=1S/C14H22O/c1-10-6-7-11(2)14(4,5)13(10)9-8-12(3)15/h6,8-9,11,13H,7H2,1-5H3/b9-8+",CC1CC=C(C(C1(C)C)C=CC(=O)C)C,0,0,0,0,1,0,1,"['berry', 'powdery', 'floral', 'woody', 'orris', 'violet']"
5371084,"Ionone, methyl-","InChI=1S/C14H22O/c1-5-12(15)8-9-13-11(2)7-6-10-14(13,3)4/h7-9,13H,5-6,10H2,1-4H3/b9-8+",CCC(=O)C=CC1C(=CCCC1(C)C)C,0,0,1,0,1,0,1,"['powdery', 'floral', 'sweet', 'woody', 'fruity', 'orris', 'violet']"
5372174,127-51-5,"InChI=1S/C14H22O/c1-10-7-6-8-14(4,5)13(10)9-11(2)12(3)15/h7,9,13H,6,8H2,1-5H3/b11-9+",CC1=CCCC(C1C=C(C)C(=O)C)(C)C,0,0,1,0,1,0,1,"['powdery', 'floral', 'woody', 'fruity', 'tea', 'violet']"
5372195,UNII-VAV72I3BFK,"InChI=1S/C14H22O/c1-10-7-6-8-14(4,5)13(10)9-11(2)12(3)15/h9H,6-8H2,1-5H3/b11-9+",CC1=C(C(CCC1)(C)C)C=C(C)C(=O)C,0,0,0,0,1,0,1,"['ambergris', 'waxy', 'floral', 'woody', 'orris']"
5373729,beta-Ionol,"InChI=1S/C13H22O/c1-10-6-5-9-13(3,4)12(10)8-7-11(2)14/h7-8,11,14H,5-6,9H2,1-4H3/b8-7+",CC1=C(C(CCC1)(C)C)C=CC(C)O,0,0,0,1,1,0,1,"['herbal', 'floral', 'sweet', 'woody', 'tropical', 'balsam', 'violet']"
5375218,beta methyl ionone,"InChI=1S/C14H22O/c1-5-12(15)8-9-13-11(2)7-6-10-14(13,3)4/h8-9H,5-7,10H2,1-4H3/b9-8+",CCC(=O)C=CC1=C(CCCC1(C)C)C,0,0,0,0,1,0,1,"['floral', 'woody']"
5463905,3-Benzyl-4-heptanone,"InChI=1S/C14H20O/c1-3-8-14(15)13(4-2)11-12-9-6-5-7-10-12/h5-7,9-10,13H,3-4,8,11H2,1-2H3",CCCC(=O)C(CC)CC1=CC=CC=C1,0,0,1,1,0,0,1,"['mint', 'berry', 'herbal', 'woody', 'plum', 'fruity']"
5797328,beta-Ionyl acetate,"InChI=1S/C15H24O2/c1-11-7-6-10-15(4,5)14(11)9-8-12(2)17-13(3)16/h8-9,12H,6-7,10H2,1-5H3/b9-8+",CC1=C(C(CCC1)(C)C)C=CC(C)OC(=O)C,0,0,0,0,0,0,1,"['berry', 'jam', 'sweet', 'woody', 'raspberry', 'violet']"
5892299,UNII-4D11GWS2D2,"InChI=1S/C10H18O/c1-8(2)5-6-10(7-11)9(3)4/h6-9H,5H2,1-4H3/b10-6+",CC(C)CC=C(C=O)C(C)C,0,0,0,1,0,1,1,"['herbal', 'tomato', 'woody', 'blueberry', 'lavender', 'green']"
6210220,2-Methyl-3-(2-furyl)propenal,"InChI=1S/C8H8O2/c1-7(6-9)5-8-3-2-4-10-8/h2-6H,1H3/b7-5+",CC(=CC1=CC=CO1)C=O,0,0,0,1,0,0,1,"['woody', 'herbal', 'spice', 'cinnamon']"
6321405,Isoborneol,"InChI=1S/C10H18O/c1-9(2)7-4-5-10(9,3)8(11)6-7/h7-8,11H,4-6H2,1-3H3/t7-,8-,10+/m1/s1",CC1(C2CCC1(C(C2)O)C)C,0,0,0,1,0,0,1,"['must', 'herbal', 'woody', 'balsam', 'camphor']"
6326181,4-Thujanol,"InChI=1S/C10H18O/c1-7(2)10-5-4-9(3,11)8(10)6-10/h7-8,11H,4-6H2,1-3H3/t8-,9+,10-/m0/s1",CC(C)C12CCC(C1C2)(C)O,0,0,0,0,0,0,1,"['balsam', 'wood', 'woody', 'balsamic']"
6370843,"(1Z,4Z)-germacrene B","InChI=1S/C15H24/c1-12(2)15-10-8-13(3)6-5-7-14(4)9-11-15/h6,9H,5,7-8,10-11H2,1-4H3/b13-6-,14-9-",CC1=CCCC(=CCC(=C(C)C)CC1)C,0,0,0,0,0,0,1,"['spice', 'earthy', 'woody', 'earth', 'wood', 'spicy']"
6427076,"3,6-Dimethyl-3,3a,4,5-tetrahydrobenzofuran-2(7aH)-one","InChI=1S/C10H14O2/c1-6-3-4-8-7(2)10(11)12-9(8)5-6/h5,7-9H,3-4H2,1-2H3",CC1C2CCC(=CC2OC1=O)C,0,0,0,0,0,0,1,"['sweet', 'woody', 'spicy']"
6427135,p-Menthene-8-thiol,"InChI=1S/C10H18S/c1-8-4-6-9(7-5-8)10(2,3)11/h4,9,11H,5-7H2,1-3H3",CC1=CCC(CC1)C(C)(C)S,1,0,0,0,0,0,1,"['resinous', 'sulfury', 'aromatic', 'woody', 'naphthyl', 'grapefruit']"
6427788,UNII-89JV2MJ158,"InChI=1S/C10H18O2/c1-5-10(4)7-6-8(11)9(2,3)12-10/h5,8,11H,1,6-7H2,2-4H3/t8-,10-/m1/s1",CC1(C(CCC(O1)(C)C=C)O)C,0,0,0,0,0,0,1,['woody']
6428573,CHEBI:88903,"InChI=1S/C10H18O2/c1-5-10(4)7-6-8(12-10)9(2,3)11/h5,8,11H,1,6-7H2,2-4H3/t8-,10-/m1/s1",CC1(CCC(O1)C(C)(C)O)C=C,0,0,0,0,1,0,1,"['floral', 'earthy', 'sweet', 'woody', 'flower']"
6428986,trans-.alpha.-bergaptene,"InChI=1S/C15H24/c1-11(2)6-5-9-15(4)13-8-7-12(3)14(15)10-13/h6-7,13-14H,5,8-10H2,1-4H3/t13-,14-,15?/m0/s1",CC1=CCC2CC1C2(C)CCC=C(C)C,0,0,0,0,0,0,1,"['wood', 'tea', 'woody', 'warm']"
6429195,Myrtenyl formate,"InChI=1S/C11H16O2/c1-11(2)9-4-3-8(6-13-7-12)10(11)5-9/h3,7,9-10H,4-6H2,1-2H3",CC1(C2CC=C(C1C2)COC=O)C,0,0,0,0,0,0,1,"['oily', 'woody', 'pine']"
6430754,10-epi-gamma-Eudesmol,"InChI=1S/C15H26O/c1-11-6-5-8-15(4)9-7-12(10-13(11)15)14(2,3)16/h12,16H,5-10H2,1-4H3/t12-,15+/m1/s1",CC1=C2CC(CCC2(CCC1)C)C(C)(C)O,0,0,0,0,1,0,1,"['floral', 'sweet', 'woody', 'wood', 'flower']"
6431015,Cedr-8-ene,"InChI=1S/C15H24/c1-10-7-8-15-9-12(10)14(3,4)13(15)6-5-11(15)2/h7,11-13H,5-6,8-9H2,1-4H3/t11-,12+,13+,15+/m1/s1",CC1CCC2C13CC=C(C(C3)C2(C)C)C,0,0,0,0,0,0,1,"['sweet', 'woody', 'fresh', 'cedar']"
6432404,(+)-gamma-cadinene,"InChI=1S/C15H24/c1-10(2)13-8-6-12(4)14-7-5-11(3)9-15(13)14/h9-10,13-15H,4-8H2,1-3H3/t13-,14-,15-/m0/s1",CC1=CC2C(CC1)C(=C)CCC2C(C)C,0,0,0,0,0,0,1,['wood']
6436344,"2-Pentenoic acid, 2-methyl-, (2Z)-","InChI=1S/C6H10O2/c1-3-4-5(2)6(7)8/h4H,3H2,1-2H3,(H,7,8)/b5-4-",CCC=C(C)C(=O)O,0,0,1,0,0,0,1,"['acid', 'sweaty', 'jam', 'strawberry', 'woody', 'fruity', 'dry']"
6436627,Ocimen quintoxide,"InChI=1S/C10H18O/c1-5-8(2)9-6-7-10(3,4)11-9/h5,9H,6-7H2,1-4H3/b8-5-",CC=C(C)C1CCC(O1)(C)C,0,0,0,1,0,1,1,"['citrus', 'herbal', 'sweet', 'woody', 'celery', 'minty', 'spicy', 'green']"
6437467,Methyl alpha-ionylacetate,"InChI=1S/C16H26O2/c1-11-8-7-9-16(5,6)15(11)10-12(2)13(3)18-14(4)17/h8,10,13,15H,7,9H2,1-6H3/b12-10+",CC1=CCCC(C1C=C(C)C(C)OC(=O)C)(C)C,0,0,1,0,1,0,1,"['powdery', 'floral', 'vetiver', 'woody', 'fruity', 'violet']"
6445771,UNII-X7GK783K17,"InChI=1S/C17H26O2/c1-11(10-19-12(2)18)6-5-7-16(3)13-8-14-15(9-13)17(14,16)4/h6,13-15H,5,7-10H2,1-4H3/b11-6-/t13?,14-,15+,16-,17?/m1/s1",CC(=CCCC1(C2CC3C1(C3C2)C)C)COC(=O)C,0,0,0,0,0,0,1,"['woody', 'sandalwood', 'powdery']"
6450832,Vitispirane,"InChI=1S/C13H20O/c1-10-6-5-8-12(3,4)13(10)9-7-11(2)14-13/h5-6,11H,1,7-9H2,2-4H3",CC1CCC2(O1)C(=C)C=CCC2(C)C,0,0,1,0,1,0,1,"['floral', 'earthy', 'woody', 'fruity']"
6508206,6753-98-6,"InChI=1S/C15H24/c1-13-7-5-8-14(2)10-12-15(3,4)11-6-9-13/h6-7,10-11H,5,8-9,12H2,1-4H3/b11-6-,13-7-,14-10-",CC1=CCC(C=CCC(=CCC1)C)(C)C,0,0,0,0,0,0,1,"['wood', 'woody']"
6857681,beta-SANTALOL,"InChI=1S/C15H24O/c1-11(10-16)5-4-8-15(3)12(2)13-6-7-14(15)9-13/h5,13-14,16H,2,4,6-10H2,1,3H3/b11-5-/t13-,14+,15+/m1/s1",CC(=CCCC1(C2CCC(C2)C1=C)C)CO,0,0,0,0,0,0,1,['woody']
9989713,CID 9989713,"InChI=1S/C10H20O2/c1-4-6-7-8-10(5-2)12-9(3)11/h10H,4-8H2,1-3H3/i2D",CCCCCC(CC)OC(=O)C,0,0,0,0,0,1,1,"['mint', 'apple', 'rose', 'fresh', 'green', 'woody', 'bergamot', 'grapefruit']"
11041412,UNII-4IM7ND375U,"InChI=1S/C11H20O2/c1-3-5-6-7-8-9-10-13-11(12)4-2/h5-6H,3-4,7-10H2,1-2H3/b6-5-",CCC=CCCCCOC(=O)CC,0,0,0,0,0,1,1,"['apple', 'banana', 'watermelon', 'woody', 'leaf', 'green']"
11228779,SCHEMBL36941,"InChI=1S/C5H8O3/c1-3-8-5(7)4(2)6/h6H,2-3H2,1H3",CCOC(=O)C(=C)O,0,0,1,0,1,1,1,"['citrus', 'caramel', 'wine_like', 'vegetable', 'ether', 'sharp', 'fatty', 'floral', 'earthy', 'woody', 'sweet', 'fruity', 'rum', 'herbaceous', 'nutty', 'meaty', 'spicy', 'green']"
11264589,Isobornyl isobutyrate,"InChI=1S/C14H24O2/c1-9(2)12(15)16-11-8-10-6-7-14(11,5)13(10,3)4/h9-11H,6-8H2,1-5H3/t10-,11-,14+/m0/s1",CC(C)C(=O)OC1CC2CCC1(C2(C)C)C,0,0,0,1,0,0,1,"['herbal', 'fir needle', 'earthy', 'woody', 'balsam', 'spicy']"
12305247,CID 12305247,"InChI=1S/C15H24/c1-9-6-8-12-14(15(12,3)4)13-10(2)5-7-11(9)13/h10-14H,1,5-8H2,2-4H3/t10-,11-,12-,13+,14-/m1/s1",CC1CCC2C1C3C(C3(C)C)CCC2=C,0,0,0,0,0,0,1,['wood']
12306047,alpha-Muurolene,"InChI=1S/C15H24/c1-10(2)13-8-6-12(4)14-7-5-11(3)9-15(13)14/h6,9-10,13-15H,5,7-8H2,1-4H3/t13-,14+,15-/m0/s1",CC1=CC2C(CC1)C(=CCC2C(C)C)C,0,0,0,0,0,0,1,"['wood', 'woody']"
12306048,alpha-Cadinene,"InChI=1S/C15H24/c1-10(2)13-8-6-12(4)14-7-5-11(3)9-15(13)14/h6,9-10,13-15H,5,7-8H2,1-4H3/t13-,14-,15-/m0/s1",CC1=CC2C(CC1)C(=CCC2C(C)C)C,0,0,0,0,0,0,1,"['woody', 'dry']"
12510894,"3,5-Heptadien-2-one, 6-methyl-, (3Z)-","InChI=1S/C8H12O/c1-7(2)5-4-6-8(3)9/h4-6H,1-3H3/b6-4-",CC(=CC=CC(=O)C)C,0,0,0,0,0,0,1,"['coconut', 'spice', 'sweet', 'woody', 'weedy', 'cinnamon']"
12858404,(r)-(+)-dihydro-alpha-ionone,"InChI=1S/C13H22O/c1-10-6-5-9-13(3,4)12(10)8-7-11(2)14/h6,12H,5,7-9H2,1-4H3/t12-/m0/s1",CC1=CCCC(C1CCC(=O)C)(C)C,0,0,0,1,0,0,1,"['warm', 'herbal', 'earthy', 'woody', 'orris', 'raspberry', 'violet']"
16211403,ST51037632,"InChI=1S/2C6H8O2/c2*1-4-2-3-5(7)6(4)8/h8H,2-3H2,1H3;4H,2-3H2,1H3",CC1CCC(=O)C1=O.CC1=C(C(=O)CC1)O,0,0,0,0,0,0,1,"['caramel', 'coffee', 'sweet', 'sugar', 'woody', 'maple']"
20831812,Isoeugenyl formate,"InChI=1S/C11H12O3/c1-3-4-9-5-6-10(14-8-12)11(7-9)13-2/h3-8H,1-2H3/b4-3-",CC=CC1=CC(=C(C=C1)OC=O)OC,0,0,0,0,0,1,1,"['clove', 'sweet', 'woody', 'orris', 'green']"
21159022,CID 21159022,"InChI=1S/C15H24/c1-11-6-5-7-12(2)10-14-13(9-8-11)15(14,3)4/h6,10,13-14H,5,7-9H2,1-4H3/b11-6-,12-10-",CC1=CCCC(=CC2C(C2(C)C)CC1)C,0,0,0,0,0,1,1,"['wood', 'woody', 'green']"
22082179,Bornyl 2-methylbutyrate,"InChI=1S/C15H26O2/c1-6-10(2)13(16)17-12-9-11-7-8-15(12,5)14(11,3)4/h10-12H,6-9H2,1-5H3",CCC(C)C(=O)OC1CC2CCC1(C2(C)C)C,0,0,0,1,0,0,1,"['woody', 'herbal']"
24832101,"Santalol, alpha- and beta-","InChI=1S/2C15H24O/c1-10(9-16)5-4-6-14(2)11-7-12-13(8-11)15(12,14)3;1-11(10-16)5-4-8-15(3)12(2)13-6-7-14(15)9-13/h5,11-13,16H,4,6-9H2,1-3H3;5,13-14,16H,2,4,6-10H2,1,3H3/b10-5-;11-5-/t11?,12-,13?,14+,15?;13-,14+,15+/m01/s1",CC(=CCCC1(C2CCC(C2)C1=C)C)CO.CC(=CCCC1(C2CC3C1(C3C2)C)C)CO,0,0,0,0,0,0,1,"['woody', 'sweet', 'sandalwood', 'deep']"
36690486,Isobornyl isovalerate,"InChI=1S/C15H26O2/c1-10(2)8-13(16)17-12-9-11-6-7-15(12,5)14(11,3)4/h10-12H,6-9H2,1-5H3/t11-,12-,15+/m0/s1",CC(C)CC(=O)OC1CC2CCC1(C2(C)C)C,0,0,0,0,0,1,1,"['apple', 'green', 'root', 'woody', 'valerian', 'pine', 'camphor']"
44147198,"2,6,10,10-Tetramethyl-1-Oxaspiro[4.5]Deca-2,6-Dien-8-One","InChI=1S/C13H18O2/c1-9-7-11(14)8-12(3,4)13(9)6-5-10(2)15-13/h5,7H,6,8H2,1-4H3",CC1=CCC2(O1)C(=CC(=O)CC2(C)C)C,0,0,0,0,1,0,1,"['floral', 'woody', 'camphor']"
